run,day,blue_pop,red_pop,within_blue_trust,within_red_trust,between_trust,total_spawned,total_consumed,z0_spawn,z1_spawn,z2_spawn,z0_cons,z1_cons,z2_cons,z0_blue_cons,z1_blue_cons,z2_blue_cons,z0_red_cons,z1_red_cons,z2_red_cons
0,1,50,50,0.5,0.5,0.5,1200,195,400,400,400,0,195,0,0,103,0,0,92,0
0,2,50,50,0.5,0.5,0.5,1200,400,400,400,400,0,400,0,0,200,0,0,200,0
0,3,50,50,0.5000199999999996,0.5000199999999996,0.5,1200,570,400,400,400,0,570,0,0,277,0,0,293,0
0,4,50,50,0.5000199999999996,0.5000199999999996,0.5,1200,800,400,400,400,0,800,0,0,400,0,0,400,0
0,5,50,50,0.5000199999999996,0.5000199999999996,0.5,1200,800,400,400,400,0,800,0,0,400,0,0,400,0
0,6,50,50,0.5000199999999996,0.5000199999999996,0.5,1200,800,400,400,400,0,800,0,0,400,0,0,400,0
0,7,50,50,0.5000199999999996,0.5000199999999996,0.5,1200,800,400,400,400,0,800,0,0,400,0,0,400,0
0,8,50,50,0.5000199999999996,0.5000199999999996,0.5,1200,800,400,400,400,0,800,0,0,400,0,0,400,0
0,9,50,50,0.5000199999999996,0.5000199999999996,0.5,1200,800,400,400,400,0,800,0,0,400,0,0,400,0
0,10,50,50,0.5000199999999996,0.5000199999999996,0.5,1200,800,400,400,400,0,800,0,0,400,0,0,400,0
0,11,50,50,0.5000199999999996,0.5000199999999996,0.5,1200,800,400,400,400,0,800,0,0,400,0,0,400,0
0,12,50,50,0.5000199999999996,0.5000199999999996,0.5,1200,800,400,400,400,0,800,0,0,400,0,0,400,0
0,13,50,50,0.5000199999999996,0.5000199999999996,0.5,1200,800,400,400,400,0,800,0,0,400,0,0,400,0
0,14,50,50,0.5000199999999996,0.5000199999999996,0.5,1200,800,400,400,400,0,800,0,0,400,0,0,400,0
0,15,50,50,0.5000199999999996,0.5000199999999996,0.5,1200,800,400,400,400,0,800,0,0,400,0,0,400,0
0,16,50,50,0.5000199999999996,0.5000199999999996,0.5,1200,800,400,400,400,0,800,0,0,400,0,0,400,0
0,17,50,50,0.5000199999999996,0.5000199999999996,0.5,1200,800,400,400,400,0,800,0,0,400,0,0,400,0
0,18,50,50,0.5000199999999996,0.5000199999999996,0.5,1200,800,400,400,400,0,800,0,0,400,0,0,400,0
0,19,50,50,0.5000199999999996,0.5000199999999996,0.5,1200,800,400,400,400,0,800,0,0,400,0,0,400,0
0,20,11,11,0.500090909090909,0.500090909090909,0.5,1200,558,400,400,400,0,558,0,0,283,0,0,275,0
0,21,11,11,0.500090909090909,0.500090909090909,0.5,1200,400,400,400,400,0,400,0,0,200,0,0,200,0
0,22,11,10,0.500090909090909,0.5,0.5,1200,397,400,400,400,0,397,0,0,200,0,0,197,0
0,23,10,10,0.5,0.5,0.5,1200,32,400,400,400,0,32,0,0,32,0,0,0,0
0,24,1,2,0.0,0.5,0.5,1200,0,400,400,400,0,0,0,0,0,0,0,0,0
0,25,0,0,0.0,0.0,0.0,1200,0,400,400,400,0,0,0,0,0,0,0,0,0
0,26,0,0,0.0,0.0,0.0,1200,0,400,400,400,0,0,0,0,0,0,0,0,0
0,27,0,0,0.0,0.0,0.0,1200,0,400,400,400,0,0,0,0,0,0,0,0,0
0,28,0,0,0.0,0.0,0.0,1200,0,400,400,400,0,0,0,0,0,0,0,0,0
0,29,0,0,0.0,0.0,0.0,1200,0,400,400,400,0,0,0,0,0,0,0,0,0
0,30,0,0,0.0,0.0,0.0,1200,0,400,400,400,0,0,0,0,0,0,0,0,0
0,31,0,0,0.0,0.0,0.0,1200,0,400,400,400,0,0,0,0,0,0,0,0,0
0,32,0,0,0.0,0.0,0.0,1200,0,400,400,400,0,0,0,0,0,0,0,0,0
0,33,0,0,0.0,0.0,0.0,1200,0,400,400,400,0,0,0,0,0,0,0,0,0
0,34,0,0,0.0,0.0,0.0,1200,0,400,400,400,0,0,0,0,0,0,0,0,0
0,35,0,0,0.0,0.0,0.0,1200,0,400,400,400,0,0,0,0,0,0,0,0,0
0,36,0,0,0.0,0.0,0.0,1200,0,400,400,400,0,0,0,0,0,0,0,0,0
0,37,0,0,0.0,0.0,0.0,1200,0,400,400,400,0,0,0,0,0,0,0,0,0
0,38,0,0,0.0,0.0,0.0,1200,0,400,400,400,0,0,0,0,0,0,0,0,0
0,39,0,0,0.0,0.0,0.0,1200,0,400,400,400,0,0,0,0,0,0,0,0,0
0,40,0,0,0.0,0.0,0.0,1200,0,400,400,400,0,0,0,0,0,0,0,0,0
0,41,0,0,0.0,0.0,0.0,1200,0,400,400,400,0,0,0,0,0,0,0,0,0
0,42,0,0,0.0,0.0,0.0,1200,0,400,400,400,0,0,0,0,0,0,0,0,0
0,43,0,0,0.0,0.0,0.0,1200,0,400,400,400,0,0,0,0,0,0,0,0,0
0,44,0,0,0.0,0.0,0.0,1200,0,400,400,400,0,0,0,0,0,0,0,0,0
0,45,0,0,0.0,0.0,0.0,1200,0,400,400,400,0,0,0,0,0,0,0,0,0
0,46,0,0,0.0,0.0,0.0,1200,0,400,400,400,0,0,0,0,0,0,0,0,0
0,47,0,0,0.0,0.0,0.0,1200,0,400,400,400,0,0,0,0,0,0,0,0,0
0,48,0,0,0.0,0.0,0.0,1200,0,400,400,400,0,0,0,0,0,0,0,0,0
0,49,0,0,0.0,0.0,0.0,1200,0,400,400,400,0,0,0,0,0,0,0,0,0
0,50,0,0,0.0,0.0,0.0,1200,0,400,400,400,0,0,0,0,0,0,0,0,0
0,51,0,0,0.0,0.0,0.0,1200,0,400,400,400,0,0,0,0,0,0,0,0,0
0,52,0,0,0.0,0.0,0.0,1200,0,400,400,400,0,0,0,0,0,0,0,0,0
0,53,0,0,0.0,0.0,0.0,1200,0,400,400,400,0,0,0,0,0,0,0,0,0
0,54,0,0,0.0,0.0,0.0,1200,0,400,400,400,0,0,0,0,0,0,0,0,0
0,55,0,0,0.0,0.0,0.0,1200,0,400,400,400,0,0,0,0,0,0,0,0,0
0,56,0,0,0.0,0.0,0.0,1200,0,400,400,400,0,0,0,0,0,0,0,0,0
0,57,0,0,0.0,0.0,0.0,1200,0,400,400,400,0,0,0,0,0,0,0,0,0
0,58,0,0,0.0,0.0,0.0,1200,0,400,400,400,0,0,0,0,0,0,0,0,0
0,59,0,0,0.0,0.0,0.0,1200,0,400,400,400,0,0,0,0,0,0,0,0,0
0,60,0,0,0.0,0.0,0.0,1200,0,400,400,400,0,0,0,0,0,0,0,0,0
0,61,0,0,0.0,0.0,0.0,1200,0,400,400,400,0,0,0,0,0,0,0,0,0
0,62,0,0,0.0,0.0,0.0,1200,0,400,400,400,0,0,0,0,0,0,0,0,0
0,63,0,0,0.0,0.0,0.0,1200,0,400,400,400,0,0,0,0,0,0,0,0,0
0,64,0,0,0.0,0.0,0.0,1200,0,400,400,400,0,0,0,0,0,0,0,0,0
0,65,0,0,0.0,0.0,0.0,1200,0,400,400,400,0,0,0,0,0,0,0,0,0
0,66,0,0,0.0,0.0,0.0,1200,0,400,400,400,0,0,0,0,0,0,0,0,0
0,67,0,0,0.0,0.0,0.0,1200,0,400,400,400,0,0,0,0,0,0,0,0,0
0,68,0,0,0.0,0.0,0.0,1200,0,400,400,400,0,0,0,0,0,0,0,0,0
0,69,0,0,0.0,0.0,0.0,1200,0,400,400,400,0,0,0,0,0,0,0,0,0
0,70,0,0,0.0,0.0,0.0,1200,0,400,400,400,0,0,0,0,0,0,0,0,0
0,71,0,0,0.0,0.0,0.0,1200,0,400,400,400,0,0,0,0,0,0,0,0,0
0,72,0,0,0.0,0.0,0.0,1200,0,400,400,400,0,0,0,0,0,0,0,0,0
0,73,0,0,0.0,0.0,0.0,1200,0,400,400,400,0,0,0,0,0,0,0,0,0
0,74,0,0,0.0,0.0,0.0,1200,0,400,400,400,0,0,0,0,0,0,0,0,0
0,75,0,0,0.0,0.0,0.0,1200,0,400,400,400,0,0,0,0,0,0,0,0,0
0,76,0,0,0.0,0.0,0.0,1200,0,400,400,400,0,0,0,0,0,0,0,0,0
0,77,0,0,0.0,0.0,0.0,1200,0,400,400,400,0,0,0,0,0,0,0,0,0
0,78,0,0,0.0,0.0,0.0,1200,0,400,400,400,0,0,0,0,0,0,0,0,0
0,79,0,0,0.0,0.0,0.0,1200,0,400,400,400,0,0,0,0,0,0,0,0,0
0,80,0,0,0.0,0.0,0.0,1200,0,400,400,400,0,0,0,0,0,0,0,0,0
0,81,0,0,0.0,0.0,0.0,1200,0,400,400,400,0,0,0,0,0,0,0,0,0
0,82,0,0,0.0,0.0,0.0,1200,0,400,400,400,0,0,0,0,0,0,0,0,0
0,83,0,0,0.0,0.0,0.0,519,0,173,173,173,0,0,0,0,0,0,0,0,0
0,84,0,0,0.0,0.0,0.0,0,0,0,0,0,0,0,0,0,0,0,0,0,0
0,85,0,0,0.0,0.0,0.0,0,0,0,0,0,0,0,0,0,0,0,0,0,0
0,86,0,0,0.0,0.0,0.0,0,0,0,0,0,0,0,0,0,0,0,0,0,0
0,87,0,0,0.0,0.0,0.0,0,0,0,0,0,0,0,0,0,0,0,0,0,0
0,88,0,0,0.0,0.0,0.0,0,0,0,0,0,0,0,0,0,0,0,0,0,0
0,89,0,0,0.0,0.0,0.0,0,0,0,0,0,0,0,0,0,0,0,0,0,0
0,90,0,0,0.0,0.0,0.0,0,0,0,0,0,0,0,0,0,0,0,0,0,0
0,91,0,0,0.0,0.0,0.0,0,0,0,0,0,0,0,0,0,0,0,0,0,0
0,92,0,0,0.0,0.0,0.0,0,0,0,0,0,0,0,0,0,0,0,0,0,0
0,93,0,0,0.0,0.0,0.0,0,0,0,0,0,0,0,0,0,0,0,0,0,0
0,94,0,0,0.0,0.0,0.0,0,0,0,0,0,0,0,0,0,0,0,0,0,0
0,95,0,0,0.0,0.0,0.0,0,0,0,0,0,0,0,0,0,0,0,0,0,0
0,96,0,0,0.0,0.0,0.0,0,0,0,0,0,0,0,0,0,0,0,0,0,0
0,97,0,0,0.0,0.0,0.0,0,0,0,0,0,0,0,0,0,0,0,0,0,0
0,98,0,0,0.0,0.0,0.0,0,0,0,0,0,0,0,0,0,0,0,0,0,0
0,99,0,0,0.0,0.0,0.0,0,0,0,0,0,0,0,0,0,0,0,0,0,0
0,100,0,0,0.0,0.0,0.0,0,0,0,0,0,0,0,0,0,0,0,0,0,0
0,101,0,0,0.0,0.0,0.0,0,0,0,0,0,0,0,0,0,0,0,0,0,0
0,102,0,0,0.0,0.0,0.0,0,0,0,0,0,0,0,0,0,0,0,0,0,0
0,103,0,0,0.0,0.0,0.0,0,0,0,0,0,0,0,0,0,0,0,0,0,0
0,104,0,0,0.0,0.0,0.0,0,0,0,0,0,0,0,0,0,0,0,0,0,0
0,105,0,0,0.0,0.0,0.0,0,0,0,0,0,0,0,0,0,0,0,0,0,0
0,106,0,0,0.0,0.0,0.0,0,0,0,0,0,0,0,0,0,0,0,0,0,0
0,107,0,0,0.0,0.0,0.0,0,0,0,0,0,0,0,0,0,0,0,0,0,0
0,108,0,0,0.0,0.0,0.0,0,0,0,0,0,0,0,0,0,0,0,0,0,0
0,109,0,0,0.0,0.0,0.0,0,0,0,0,0,0,0,0,0,0,0,0,0,0
0,110,0,0,0.0,0.0,0.0,0,0,0,0,0,0,0,0,0,0,0,0,0,0
0,111,0,0,0.0,0.0,0.0,0,0,0,0,0,0,0,0,0,0,0,0,0,0
0,112,0,0,0.0,0.0,0.0,0,0,0,0,0,0,0,0,0,0,0,0,0,0
0,113,0,0,0.0,0.0,0.0,0,0,0,0,0,0,0,0,0,0,0,0,0,0
0,114,0,0,0.0,0.0,0.0,0,0,0,0,0,0,0,0,0,0,0,0,0,0
0,115,0,0,0.0,0.0,0.0,0,0,0,0,0,0,0,0,0,0,0,0,0,0
0,116,0,0,0.0,0.0,0.0,0,0,0,0,0,0,0,0,0,0,0,0,0,0
0,117,0,0,0.0,0.0,0.0,0,0,0,0,0,0,0,0,0,0,0,0,0,0
0,118,0,0,0.0,0.0,0.0,0,0,0,0,0,0,0,0,0,0,0,0,0,0
0,119,0,0,0.0,0.0,0.0,0,0,0,0,0,0,0,0,0,0,0,0,0,0
0,120,0,0,0.0,0.0,0.0,0,0,0,0,0,0,0,0,0,0,0,0,0,0
0,121,0,0,0.0,0.0,0.0,30,0,10,10,10,0,0,0,0,0,0,0,0,0
0,122,0,0,0.0,0.0,0.0,78,0,26,26,26,0,0,0,0,0,0,0,0,0
0,123,0,0,0.0,0.0,0.0,267,0,89,89,89,0,0,0,0,0,0,0,0,0
0,124,0,0,0.0,0.0,0.0,765,0,255,255,255,0,0,0,0,0,0,0,0,0
0,125,0,0,0.0,0.0,0.0,1113,0,371,371,371,0,0,0,0,0,0,0,0,0
0,126,0,0,0.0,0.0,0.0,1200,0,400,400,400,0,0,0,0,0,0,0,0,0
0,127,0,0,0.0,0.0,0.0,1200,0,400,400,400,0,0,0,0,0,0,0,0,0
0,128,0,0,0.0,0.0,0.0,1200,0,400,400,400,0,0,0,0,0,0,0,0,0
0,129,0,0,0.0,0.0,0.0,1200,0,400,400,400,0,0,0,0,0,0,0,0,0
0,130,0,0,0.0,0.0,0.0,1200,0,400,400,400,0,0,0,0,0,0,0,0,0
0,131,0,0,0.0,0.0,0.0,1200,0,400,400,400,0,0,0,0,0,0,0,0,0
0,132,0,0,0.0,0.0,0.0,1200,0,400,400,400,0,0,0,0,0,0,0,0,0
0,133,0,0,0.0,0.0,0.0,1200,0,400,400,400,0,0,0,0,0,0,0,0,0
0,134,0,0,0.0,0.0,0.0,1200,0,400,400,400,0,0,0,0,0,0,0,0,0
0,135,0,0,0.0,0.0,0.0,1200,0,400,400,400,0,0,0,0,0,0,0,0,0
0,136,0,0,0.0,0.0,0.0,1200,0,400,400,400,0,0,0,0,0,0,0,0,0
0,137,0,0,0.0,0.0,0.0,1200,0,400,400,400,0,0,0,0,0,0,0,0,0
0,138,0,0,0.0,0.0,0.0,1200,0,400,400,400,0,0,0,0,0,0,0,0,0
0,139,0,0,0.0,0.0,0.0,1200,0,400,400,400,0,0,0,0,0,0,0,0,0
0,140,0,0,0.0,0.0,0.0,1200,0,400,400,400,0,0,0,0,0,0,0,0,0
0,141,0,0,0.0,0.0,0.0,1200,0,400,400,400,0,0,0,0,0,0,0,0,0
0,142,0,0,0.0,0.0,0.0,1200,0,400,400,400,0,0,0,0,0,0,0,0,0
0,143,0,0,0.0,0.0,0.0,1200,0,400,400,400,0,0,0,0,0,0,0,0,0
0,144,0,0,0.0,0.0,0.0,1200,0,400,400,400,0,0,0,0,0,0,0,0,0
0,145,0,0,0.0,0.0,0.0,1200,0,400,400,400,0,0,0,0,0,0,0,0,0
0,146,0,0,0.0,0.0,0.0,1200,0,400,400,400,0,0,0,0,0,0,0,0,0
0,147,0,0,0.0,0.0,0.0,1200,0,400,400,400,0,0,0,0,0,0,0,0,0
0,148,0,0,0.0,0.0,0.0,1200,0,400,400,400,0,0,0,0,0,0,0,0,0
0,149,0,0,0.0,0.0,0.0,1200,0,400,400,400,0,0,0,0,0,0,0,0,0
0,150,0,0,0.0,0.0,0.0,1200,0,400,400,400,0,0,0,0,0,0,0,0,0
0,151,0,0,0.0,0.0,0.0,1200,0,400,400,400,0,0,0,0,0,0,0,0,0
0,152,0,0,0.0,0.0,0.0,1200,0,400,400,400,0,0,0,0,0,0,0,0,0
0,153,0,0,0.0,0.0,0.0,1200,0,400,400,400,0,0,0,0,0,0,0,0,0
0,154,0,0,0.0,0.0,0.0,1200,0,400,400,400,0,0,0,0,0,0,0,0,0
0,155,0,0,0.0,0.0,0.0,1200,0,400,400,400,0,0,0,0,0,0,0,0,0
0,156,0,0,0.0,0.0,0.0,1200,0,400,400,400,0,0,0,0,0,0,0,0,0
0,157,0,0,0.0,0.0,0.0,1200,0,400,400,400,0,0,0,0,0,0,0,0,0
0,158,0,0,0.0,0.0,0.0,1200,0,400,400,400,0,0,0,0,0,0,0,0,0
0,159,0,0,0.0,0.0,0.0,1200,0,400,400,400,0,0,0,0,0,0,0,0,0
0,160,0,0,0.0,0.0,0.0,1200,0,400,400,400,0,0,0,0,0,0,0,0,0
0,161,0,0,0.0,0.0,0.0,1200,0,400,400,400,0,0,0,0,0,0,0,0,0
0,162,0,0,0.0,0.0,0.0,1200,0,400,400,400,0,0,0,0,0,0,0,0,0
0,163,0,0,0.0,0.0,0.0,1200,0,400,400,400,0,0,0,0,0,0,0,0,0
0,164,0,0,0.0,0.0,0.0,1200,0,400,400,400,0,0,0,0,0,0,0,0,0
0,165,0,0,0.0,0.0,0.0,1200,0,400,400,400,0,0,0,0,0,0,0,0,0
0,166,0,0,0.0,0.0,0.0,1200,0,400,400,400,0,0,0,0,0,0,0,0,0
0,167,0,0,0.0,0.0,0.0,1200,0,400,400,400,0,0,0,0,0,0,0,0,0
0,168,0,0,0.0,0.0,0.0,1200,0,400,400,400,0,0,0,0,0,0,0,0,0
0,169,0,0,0.0,0.0,0.0,1200,0,400,400,400,0,0,0,0,0,0,0,0,0
0,170,0,0,0.0,0.0,0.0,1200,0,400,400,400,0,0,0,0,0,0,0,0,0
0,171,0,0,0.0,0.0,0.0,1200,0,400,400,400,0,0,0,0,0,0,0,0,0
0,172,0,0,0.0,0.0,0.0,1200,0,400,400,400,0,0,0,0,0,0,0,0,0
0,173,0,0,0.0,0.0,0.0,1200,0,400,400,400,0,0,0,0,0,0,0,0,0
0,174,0,0,0.0,0.0,0.0,1200,0,400,400,400,0,0,0,0,0,0,0,0,0
0,175,0,0,0.0,0.0,0.0,1200,0,400,400,400,0,0,0,0,0,0,0,0,0
0,176,0,0,0.0,0.0,0.0,1200,0,400,400,400,0,0,0,0,0,0,0,0,0
0,177,0,0,0.0,0.0,0.0,1200,0,400,400,400,0,0,0,0,0,0,0,0,0
0,178,0,0,0.0,0.0,0.0,1200,0,400,400,400,0,0,0,0,0,0,0,0,0
0,179,0,0,0.0,0.0,0.0,1200,0,400,400,400,0,0,0,0,0,0,0,0,0
0,180,0,0,0.0,0.0,0.0,1200,0,400,400,400,0,0,0,0,0,0,0,0,0
0,181,0,0,0.0,0.0,0.0,1200,0,400,400,400,0,0,0,0,0,0,0,0,0
0,182,0,0,0.0,0.0,0.0,1200,0,400,400,400,0,0,0,0,0,0,0,0,0
0,183,0,0,0.0,0.0,0.0,1200,0,400,400,400,0,0,0,0,0,0,0,0,0
0,184,0,0,0.0,0.0,0.0,1200,0,400,400,400,0,0,0,0,0,0,0,0,0
0,185,0,0,0.0,0.0,0.0,1200,0,400,400,400,0,0,0,0,0,0,0,0,0
0,186,0,0,0.0,0.0,0.0,1200,0,400,400,400,0,0,0,0,0,0,0,0,0
0,187,0,0,0.0,0.0,0.0,1200,0,400,400,400,0,0,0,0,0,0,0,0,0
0,188,0,0,0.0,0.0,0.0,1200,0,400,400,400,0,0,0,0,0,0,0,0,0
0,189,0,0,0.0,0.0,0.0,1200,0,400,400,400,0,0,0,0,0,0,0,0,0
0,190,0,0,0.0,0.0,0.0,1200,0,400,400,400,0,0,0,0,0,0,0,0,0
0,191,0,0,0.0,0.0,0.0,1200,0,400,400,400,0,0,0,0,0,0,0,0,0
0,192,0,0,0.0,0.0,0.0,1200,0,400,400,400,0,0,0,0,0,0,0,0,0
0,193,0,0,0.0,0.0,0.0,1200,0,400,400,400,0,0,0,0,0,0,0,0,0
0,194,0,0,0.0,0.0,0.0,1200,0,400,400,400,0,0,0,0,0,0,0,0,0
0,195,0,0,0.0,0.0,0.0,1200,0,400,400,400,0,0,0,0,0,0,0,0,0
0,196,0,0,0.0,0.0,0.0,1200,0,400,400,400,0,0,0,0,0,0,0,0,0
0,197,0,0,0.0,0.0,0.0,1200,0,400,400,400,0,0,0,0,0,0,0,0,0
0,198,0,0,0.0,0.0,0.0,1200,0,400,400,400,0,0,0,0,0,0,0,0,0
0,199,0,0,0.0,0.0,0.0,1200,0,400,400,400,0,0,0,0,0,0,0,0,0
0,200,0,0,0.0,0.0,0.0,1200,0,400,400,400,0,0,0,0,0,0,0,0,0
1,1,50,50,0.5,0.5,0.5,1200,88,400,400,400,0,88,0,0,0,0,0,88,0
1,2,50,50,0.5,0.5,0.5,1200,200,400,400,400,0,200,0,0,0,0,0,200,0
1,3,50,50,0.5,0.5,0.5,1200,200,400,400,400,0,200,0,0,0,0,0,200,0
1,4,50,50,0.5000199999999996,0.5,0.5,1200,266,400,400,400,0,200,66,0,0,66,0,200,0
1,5,50,50,0.5000199999999996,0.5,0.5,1200,400,400,400,400,0,200,200,0,0,200,0,200,0
1,6,50,50,0.5000199999999996,0.5,0.5,1200,400,400,400,400,0,200,200,0,0,200,0,200,0
1,7,50,50,0.5000199999999996,0.5,0.5,1200,400,400,400,400,0,200,200,0,0,200,0,200,0
1,8,50,50,0.5000199999999996,0.5,0.5,1200,400,400,400,400,0,200,200,0,0,200,0,200,0
1,9,50,50,0.5000199999999996,0.5,0.5,1200,400,400,400,400,0,200,200,0,0,200,0,200,0
1,10,50,50,0.5000199999999996,0.5,0.5,1200,400,400,400,400,0,200,200,0,0,200,0,200,0
1,11,50,50,0.5000199999999996,0.5,0.5,1200,400,400,400,400,0,200,200,0,0,200,0,200,0
1,12,50,50,0.5000199999999996,0.5,0.5,1200,400,400,400,400,0,200,200,0,0,200,0,200,0
1,13,50,50,0.5000199999999996,0.5,0.5,1200,400,400,400,400,0,200,200,0,0,200,0,200,0
1,14,50,50,0.5000199999999996,0.5,0.5,1200,400,400,400,400,0,200,200,0,0,200,0,200,0
1,15,50,50,0.5000199999999996,0.5,0.5,1200,400,400,400,400,0,200,200,0,0,200,0,200,0
1,16,50,50,0.5000199999999996,0.5,0.5,1200,400,400,400,400,0,200,200,0,0,200,0,200,0
1,17,50,50,0.5000199999999996,0.5,0.5,1200,400,400,400,400,0,200,200,0,0,200,0,200,0
1,18,50,50,0.5000199999999996,0.5,0.5,1200,400,400,400,400,0,200,200,0,0,200,0,200,0
1,19,50,50,0.5000199999999996,0.5,0.5,1200,400,400,400,400,0,200,200,0,0,200,0,200,0
1,20,4,1,0.50025,0.0,0.5,1200,259,400,400,400,0,59,200,0,0,200,0,59,0
1,21,4,0,0.50025,0.0,0.0,1200,200,400,400,400,0,0,200,0,0,200,0,0,0
1,22,4,0,0.50025,0.0,0.0,1200,200,400,400,400,0,0,200,0,0,200,0,0,0
1,23,4,0,0.50025,0.0,0.0,1200,200,400,400,400,0,0,200,0,0,200,0,0,0
1,24,0,0,0.0,0.0,0.0,1200,7,400,400,400,0,0,7,0,0,7,0,0,0
1,25,0,0,0.0,0.0,0.0,1200,0,400,400,400,0,0,0,0,0,0,0,0,0
1,26,0,0,0.0,0.0,0.0,1200,0,400,400,400,0,0,0,0,0,0,0,0,0
1,27,0,0,0.0,0.0,0.0,1200,0,400,400,400,0,0,0,0,0,0,0,0,0
1,28,0,0,0.0,0.0,0.0,1200,0,400,400,400,0,0,0,0,0,0,0,0,0
1,29,0,0,0.0,0.0,0.0,1200,0,400,400,400,0,0,0,0,0,0,0,0,0
1,30,0,0,0.0,0.0,0.0,1200,0,400,400,400,0,0,0,0,0,0,0,0,0
1,31,0,0,0.0,0.0,0.0,1200,0,400,400,400,0,0,0,0,0,0,0,0,0
1,32,0,0,0.0,0.0,0.0,1200,0,400,400,400,0,0,0,0,0,0,0,0,0
1,33,0,0,0.0,0.0,0.0,1200,0,400,400,400,0,0,0,0,0,0,0,0,0
1,34,0,0,0.0,0.0,0.0,1200,0,400,400,400,0,0,0,0,0,0,0,0,0
1,35,0,0,0.0,0.0,0.0,1200,0,400,400,400,0,0,0,0,0,0,0,0,0
1,36,0,0,0.0,0.0,0.0,1200,0,400,400,400,0,0,0,0,0,0,0,0,0
1,37,0,0,0.0,0.0,0.0,1200,0,400,400,400,0,0,0,0,0,0,0,0,0
1,38,0,0,0.0,0.0,0.0,1200,0,400,400,400,0,0,0,0,0,0,0,0,0
1,39,0,0,0.0,0.0,0.0,1200,0,400,400,400,0,0,0,0,0,0,0,0,0
1,40,0,0,0.0,0.0,0.0,1200,0,400,400,400,0,0,0,0,0,0,0,0,0
1,41,0,0,0.0,0.0,0.0,1200,0,400,400,400,0,0,0,0,0,0,0,0,0
1,42,0,0,0.0,0.0,0.0,1200,0,400,400,400,0,0,0,0,0,0,0,0,0
1,43,0,0,0.0,0.0,0.0,1200,0,400,400,400,0,0,0,0,0,0,0,0,0
1,44,0,0,0.0,0.0,0.0,1200,0,400,400,400,0,0,0,0,0,0,0,0,0
1,45,0,0,0.0,0.0,0.0,1200,0,400,400,400,0,0,0,0,0,0,0,0,0
1,46,0,0,0.0,0.0,0.0,1200,0,400,400,400,0,0,0,0,0,0,0,0,0
1,47,0,0,0.0,0.0,0.0,1200,0,400,400,400,0,0,0,0,0,0,0,0,0
1,48,0,0,0.0,0.0,0.0,1200,0,400,400,400,0,0,0,0,0,0,0,0,0
1,49,0,0,0.0,0.0,0.0,1200,0,400,400,400,0,0,0,0,0,0,0,0,0
1,50,0,0,0.0,0.0,0.0,1200,0,400,400,400,0,0,0,0,0,0,0,0,0
1,51,0,0,0.0,0.0,0.0,1200,0,400,400,400,0,0,0,0,0,0,0,0,0
1,52,0,0,0.0,0.0,0.0,1200,0,400,400,400,0,0,0,0,0,0,0,0,0
1,53,0,0,0.0,0.0,0.0,1200,0,400,400,400,0,0,0,0,0,0,0,0,0
1,54,0,0,0.0,0.0,0.0,1200,0,400,400,400,0,0,0,0,0,0,0,0,0
1,55,0,0,0.0,0.0,0.0,1200,0,400,400,400,0,0,0,0,0,0,0,0,0
1,56,0,0,0.0,0.0,0.0,1200,0,400,400,400,0,0,0,0,0,0,0,0,0
1,57,0,0,0.0,0.0,0.0,1200,0,400,400,400,0,0,0,0,0,0,0,0,0
1,58,0,0,0.0,0.0,0.0,1200,0,400,400,400,0,0,0,0,0,0,0,0,0
1,59,0,0,0.0,0.0,0.0,1200,0,400,400,400,0,0,0,0,0,0,0,0,0
1,60,0,0,0.0,0.0,0.0,1200,0,400,400,400,0,0,0,0,0,0,0,0,0
1,61,0,0,0.0,0.0,0.0,1200,0,400,400,400,0,0,0,0,0,0,0,0,0
1,62,0,0,0.0,0.0,0.0,1200,0,400,400,400,0,0,0,0,0,0,0,0,0
1,63,0,0,0.0,0.0,0.0,1200,0,400,400,400,0,0,0,0,0,0,0,0,0
1,64,0,0,0.0,0.0,0.0,1200,0,400,400,400,0,0,0,0,0,0,0,0,0
1,65,0,0,0.0,0.0,0.0,1200,0,400,400,400,0,0,0,0,0,0,0,0,0
1,66,0,0,0.0,0.0,0.0,1200,0,400,400,400,0,0,0,0,0,0,0,0,0
1,67,0,0,0.0,0.0,0.0,1200,0,400,400,400,0,0,0,0,0,0,0,0,0
1,68,0,0,0.0,0.0,0.0,1200,0,400,400,400,0,0,0,0,0,0,0,0,0
1,69,0,0,0.0,0.0,0.0,1200,0,400,400,400,0,0,0,0,0,0,0,0,0
1,70,0,0,0.0,0.0,0.0,1200,0,400,400,400,0,0,0,0,0,0,0,0,0
1,71,0,0,0.0,0.0,0.0,1200,0,400,400,400,0,0,0,0,0,0,0,0,0
1,72,0,0,0.0,0.0,0.0,1200,0,400,400,400,0,0,0,0,0,0,0,0,0
1,73,0,0,0.0,0.0,0.0,1200,0,400,400,400,0,0,0,0,0,0,0,0,0
1,74,0,0,0.0,0.0,0.0,1200,0,400,400,400,0,0,0,0,0,0,0,0,0
1,75,0,0,0.0,0.0,0.0,1200,0,400,400,400,0,0,0,0,0,0,0,0,0
1,76,0,0,0.0,0.0,0.0,1200,0,400,400,400,0,0,0,0,0,0,0,0,0
1,77,0,0,0.0,0.0,0.0,1200,0,400,400,400,0,0,0,0,0,0,0,0,0
1,78,0,0,0.0,0.0,0.0,1200,0,400,400,400,0,0,0,0,0,0,0,0,0
1,79,0,0,0.0,0.0,0.0,1200,0,400,400,400,0,0,0,0,0,0,0,0,0
1,80,0,0,0.0,0.0,0.0,1200,0,400,400,400,0,0,0,0,0,0,0,0,0
1,81,0,0,0.0,0.0,0.0,1200,0,400,400,400,0,0,0,0,0,0,0,0,0
1,82,0,0,0.0,0.0,0.0,1200,0,400,400,400,0,0,0,0,0,0,0,0,0
1,83,0,0,0.0,0.0,0.0,483,0,161,161,161,0,0,0,0,0,0,0,0,0
1,84,0,0,0.0,0.0,0.0,0,0,0,0,0,0,0,0,0,0,0,0,0,0
1,85,0,0,0.0,0.0,0.0,0,0,0,0,0,0,0,0,0,0,0,0,0,0
1,86,0,0,0.0,0.0,0.0,0,0,0,0,0,0,0,0,0,0,0,0,0,0
1,87,0,0,0.0,0.0,0.0,0,0,0,0,0,0,0,0,0,0,0,0,0,0
1,88,0,0,0.0,0.0,0.0,0,0,0,0,0,0,0,0,0,0,0,0,0,0
1,89,0,0,0.0,0.0,0.0,0,0,0,0,0,0,0,0,0,0,0,0,0,0
1,90,0,0,0.0,0.0,0.0,0,0,0,0,0,0,0,0,0,0,0,0,0,0
1,91,0,0,0.0,0.0,0.0,0,0,0,0,0,0,0,0,0,0,0,0,0,0
1,92,0,0,0.0,0.0,0.0,0,0,0,0,0,0,0,0,0,0,0,0,0,0
1,93,0,0,0.0,0.0,0.0,0,0,0,0,0,0,0,0,0,0,0,0,0,0
1,94,0,0,0.0,0.0,0.0,0,0,0,0,0,0,0,0,0,0,0,0,0,0
1,95,0,0,0.0,0.0,0.0,0,0,0,0,0,0,0,0,0,0,0,0,0,0
1,96,0,0,0.0,0.0,0.0,0,0,0,0,0,0,0,0,0,0,0,0,0,0
1,97,0,0,0.0,0.0,0.0,0,0,0,0,0,0,0,0,0,0,0,0,0,0
1,98,0,0,0.0,0.0,0.0,0,0,0,0,0,0,0,0,0,0,0,0,0,0
1,99,0,0,0.0,0.0,0.0,0,0,0,0,0,0,0,0,0,0,0,0,0,0
1,100,0,0,0.0,0.0,0.0,0,0,0,0,0,0,0,0,0,0,0,0,0,0
1,101,0,0,0.0,0.0,0.0,0,0,0,0,0,0,0,0,0,0,0,0,0,0
1,102,0,0,0.0,0.0,0.0,0,0,0,0,0,0,0,0,0,0,0,0,0,0
1,103,0,0,0.0,0.0,0.0,0,0,0,0,0,0,0,0,0,0,0,0,0,0
1,104,0,0,0.0,0.0,0.0,0,0,0,0,0,0,0,0,0,0,0,0,0,0
1,105,0,0,0.0,0.0,0.0,0,0,0,0,0,0,0,0,0,0,0,0,0,0
1,106,0,0,0.0,0.0,0.0,0,0,0,0,0,0,0,0,0,0,0,0,0,0
1,107,0,0,0.0,0.0,0.0,0,0,0,0,0,0,0,0,0,0,0,0,0,0
1,108,0,0,0.0,0.0,0.0,0,0,0,0,0,0,0,0,0,0,0,0,0,0
1,109,0,0,0.0,0.0,0.0,0,0,0,0,0,0,0,0,0,0,0,0,0,0
1,110,0,0,0.0,0.0,0.0,0,0,0,0,0,0,0,0,0,0,0,0,0,0
1,111,0,0,0.0,0.0,0.0,0,0,0,0,0,0,0,0,0,0,0,0,0,0
1,112,0,0,0.0,0.0,0.0,0,0,0,0,0,0,0,0,0,0,0,0,0,0
1,113,0,0,0.0,0.0,0.0,0,0,0,0,0,0,0,0,0,0,0,0,0,0
1,114,0,0,0.0,0.0,0.0,0,0,0,0,0,0,0,0,0,0,0,0,0,0
1,115,0,0,0.0,0.0,0.0,0,0,0,0,0,0,0,0,0,0,0,0,0,0
1,116,0,0,0.0,0.0,0.0,0,0,0,0,0,0,0,0,0,0,0,0,0,0
1,117,0,0,0.0,0.0,0.0,0,0,0,0,0,0,0,0,0,0,0,0,0,0
1,118,0,0,0.0,0.0,0.0,0,0,0,0,0,0,0,0,0,0,0,0,0,0
1,119,0,0,0.0,0.0,0.0,0,0,0,0,0,0,0,0,0,0,0,0,0,0
1,120,0,0,0.0,0.0,0.0,0,0,0,0,0,0,0,0,0,0,0,0,0,0
1,121,0,0,0.0,0.0,0.0,0,0,0,0,0,0,0,0,0,0,0,0,0,0
1,122,0,0,0.0,0.0,0.0,0,0,0,0,0,0,0,0,0,0,0,0,0,0
1,123,0,0,0.0,0.0,0.0,54,0,18,18,18,0,0,0,0,0,0,0,0,0
1,124,0,0,0.0,0.0,0.0,459,0,153,153,153,0,0,0,0,0,0,0,0,0
1,125,0,0,0.0,0.0,0.0,1086,0,362,362,362,0,0,0,0,0,0,0,0,0
1,126,0,0,0.0,0.0,0.0,1200,0,400,400,400,0,0,0,0,0,0,0,0,0
1,127,0,0,0.0,0.0,0.0,1200,0,400,400,400,0,0,0,0,0,0,0,0,0
1,128,0,0,0.0,0.0,0.0,1200,0,400,400,400,0,0,0,0,0,0,0,0,0
1,129,0,0,0.0,0.0,0.0,1200,0,400,400,400,0,0,0,0,0,0,0,0,0
1,130,0,0,0.0,0.0,0.0,1200,0,400,400,400,0,0,0,0,0,0,0,0,0
1,131,0,0,0.0,0.0,0.0,1200,0,400,400,400,0,0,0,0,0,0,0,0,0
1,132,0,0,0.0,0.0,0.0,1200,0,400,400,400,0,0,0,0,0,0,0,0,0
1,133,0,0,0.0,0.0,0.0,1200,0,400,400,400,0,0,0,0,0,0,0,0,0
1,134,0,0,0.0,0.0,0.0,1200,0,400,400,400,0,0,0,0,0,0,0,0,0
1,135,0,0,0.0,0.0,0.0,1200,0,400,400,400,0,0,0,0,0,0,0,0,0
1,136,0,0,0.0,0.0,0.0,1200,0,400,400,400,0,0,0,0,0,0,0,0,0
1,137,0,0,0.0,0.0,0.0,1200,0,400,400,400,0,0,0,0,0,0,0,0,0
1,138,0,0,0.0,0.0,0.0,1200,0,400,400,400,0,0,0,0,0,0,0,0,0
1,139,0,0,0.0,0.0,0.0,1200,0,400,400,400,0,0,0,0,0,0,0,0,0
1,140,0,0,0.0,0.0,0.0,1200,0,400,400,400,0,0,0,0,0,0,0,0,0
1,141,0,0,0.0,0.0,0.0,1200,0,400,400,400,0,0,0,0,0,0,0,0,0
1,142,0,0,0.0,0.0,0.0,1200,0,400,400,400,0,0,0,0,0,0,0,0,0
1,143,0,0,0.0,0.0,0.0,1200,0,400,400,400,0,0,0,0,0,0,0,0,0
1,144,0,0,0.0,0.0,0.0,1200,0,400,400,400,0,0,0,0,0,0,0,0,0
1,145,0,0,0.0,0.0,0.0,1200,0,400,400,400,0,0,0,0,0,0,0,0,0
1,146,0,0,0.0,0.0,0.0,1200,0,400,400,400,0,0,0,0,0,0,0,0,0
1,147,0,0,0.0,0.0,0.0,1200,0,400,400,400,0,0,0,0,0,0,0,0,0
1,148,0,0,0.0,0.0,0.0,1200,0,400,400,400,0,0,0,0,0,0,0,0,0
1,149,0,0,0.0,0.0,0.0,1200,0,400,400,400,0,0,0,0,0,0,0,0,0
1,150,0,0,0.0,0.0,0.0,1200,0,400,400,400,0,0,0,0,0,0,0,0,0
1,151,0,0,0.0,0.0,0.0,1200,0,400,400,400,0,0,0,0,0,0,0,0,0
1,152,0,0,0.0,0.0,0.0,1200,0,400,400,400,0,0,0,0,0,0,0,0,0
1,153,0,0,0.0,0.0,0.0,1200,0,400,400,400,0,0,0,0,0,0,0,0,0
1,154,0,0,0.0,0.0,0.0,1200,0,400,400,400,0,0,0,0,0,0,0,0,0
1,155,0,0,0.0,0.0,0.0,1200,0,400,400,400,0,0,0,0,0,0,0,0,0
1,156,0,0,0.0,0.0,0.0,1200,0,400,400,400,0,0,0,0,0,0,0,0,0
1,157,0,0,0.0,0.0,0.0,1200,0,400,400,400,0,0,0,0,0,0,0,0,0
1,158,0,0,0.0,0.0,0.0,1200,0,400,400,400,0,0,0,0,0,0,0,0,0
1,159,0,0,0.0,0.0,0.0,1200,0,400,400,400,0,0,0,0,0,0,0,0,0
1,160,0,0,0.0,0.0,0.0,1200,0,400,400,400,0,0,0,0,0,0,0,0,0
1,161,0,0,0.0,0.0,0.0,1200,0,400,400,400,0,0,0,0,0,0,0,0,0
1,162,0,0,0.0,0.0,0.0,1200,0,400,400,400,0,0,0,0,0,0,0,0,0
1,163,0,0,0.0,0.0,0.0,1200,0,400,400,400,0,0,0,0,0,0,0,0,0
1,164,0,0,0.0,0.0,0.0,1200,0,400,400,400,0,0,0,0,0,0,0,0,0
1,165,0,0,0.0,0.0,0.0,1200,0,400,400,400,0,0,0,0,0,0,0,0,0
1,166,0,0,0.0,0.0,0.0,1200,0,400,400,400,0,0,0,0,0,0,0,0,0
1,167,0,0,0.0,0.0,0.0,1200,0,400,400,400,0,0,0,0,0,0,0,0,0
1,168,0,0,0.0,0.0,0.0,1200,0,400,400,400,0,0,0,0,0,0,0,0,0
1,169,0,0,0.0,0.0,0.0,1200,0,400,400,400,0,0,0,0,0,0,0,0,0
1,170,0,0,0.0,0.0,0.0,1200,0,400,400,400,0,0,0,0,0,0,0,0,0
1,171,0,0,0.0,0.0,0.0,1200,0,400,400,400,0,0,0,0,0,0,0,0,0
1,172,0,0,0.0,0.0,0.0,1200,0,400,400,400,0,0,0,0,0,0,0,0,0
1,173,0,0,0.0,0.0,0.0,1200,0,400,400,400,0,0,0,0,0,0,0,0,0
1,174,0,0,0.0,0.0,0.0,1200,0,400,400,400,0,0,0,0,0,0,0,0,0
1,175,0,0,0.0,0.0,0.0,1200,0,400,400,400,0,0,0,0,0,0,0,0,0
1,176,0,0,0.0,0.0,0.0,1200,0,400,400,400,0,0,0,0,0,0,0,0,0
1,177,0,0,0.0,0.0,0.0,1200,0,400,400,400,0,0,0,0,0,0,0,0,0
1,178,0,0,0.0,0.0,0.0,1200,0,400,400,400,0,0,0,0,0,0,0,0,0
1,179,0,0,0.0,0.0,0.0,1200,0,400,400,400,0,0,0,0,0,0,0,0,0
1,180,0,0,0.0,0.0,0.0,1200,0,400,400,400,0,0,0,0,0,0,0,0,0
1,181,0,0,0.0,0.0,0.0,1200,0,400,400,400,0,0,0,0,0,0,0,0,0
1,182,0,0,0.0,0.0,0.0,1200,0,400,400,400,0,0,0,0,0,0,0,0,0
1,183,0,0,0.0,0.0,0.0,1200,0,400,400,400,0,0,0,0,0,0,0,0,0
1,184,0,0,0.0,0.0,0.0,1200,0,400,400,400,0,0,0,0,0,0,0,0,0
1,185,0,0,0.0,0.0,0.0,1200,0,400,400,400,0,0,0,0,0,0,0,0,0
1,186,0,0,0.0,0.0,0.0,1200,0,400,400,400,0,0,0,0,0,0,0,0,0
1,187,0,0,0.0,0.0,0.0,1200,0,400,400,400,0,0,0,0,0,0,0,0,0
1,188,0,0,0.0,0.0,0.0,1200,0,400,400,400,0,0,0,0,0,0,0,0,0
1,189,0,0,0.0,0.0,0.0,1200,0,400,400,400,0,0,0,0,0,0,0,0,0
1,190,0,0,0.0,0.0,0.0,1200,0,400,400,400,0,0,0,0,0,0,0,0,0
1,191,0,0,0.0,0.0,0.0,1200,0,400,400,400,0,0,0,0,0,0,0,0,0
1,192,0,0,0.0,0.0,0.0,1200,0,400,400,400,0,0,0,0,0,0,0,0,0
1,193,0,0,0.0,0.0,0.0,1200,0,400,400,400,0,0,0,0,0,0,0,0,0
1,194,0,0,0.0,0.0,0.0,1200,0,400,400,400,0,0,0,0,0,0,0,0,0
1,195,0,0,0.0,0.0,0.0,1200,0,400,400,400,0,0,0,0,0,0,0,0,0
1,196,0,0,0.0,0.0,0.0,1200,0,400,400,400,0,0,0,0,0,0,0,0,0
1,197,0,0,0.0,0.0,0.0,1200,0,400,400,400,0,0,0,0,0,0,0,0,0
1,198,0,0,0.0,0.0,0.0,1200,0,400,400,400,0,0,0,0,0,0,0,0,0
1,199,0,0,0.0,0.0,0.0,1200,0,400,400,400,0,0,0,0,0,0,0,0,0
1,200,0,0,0.0,0.0,0.0,1200,0,400,400,400,0,0,0,0,0,0,0,0,0
2,1,50,50,0.5,0.5,0.5,1200,82,400,400,400,0,82,0,0,0,0,0,82,0
2,2,50,50,0.5000199999999996,0.5,0.5,1200,273,400,400,400,0,273,0,0,73,0,0,200,0
2,3,50,50,0.5000199999999996,0.5000399999999993,0.5,1200,546,400,400,400,0,546,0,0,200,0,0,346,0
2,4,50,50,0.5000199999999996,0.5000399999999993,0.5,1200,800,400,400,400,0,800,0,0,200,0,0,600,0
2,5,50,50,0.5000199999999996,0.5000399999999993,0.5,1200,800,400,400,400,0,800,0,0,200,0,0,600,0
2,6,50,50,0.5000199999999996,0.5000399999999993,0.5,1200,800,400,400,400,0,800,0,0,200,0,0,600,0
2,7,50,50,0.5000199999999996,0.5000399999999993,0.5,1200,800,400,400,400,0,800,0,0,200,0,0,600,0
2,8,50,50,0.5000199999999996,0.5000399999999993,0.5,1200,800,400,400,400,0,800,0,0,200,0,0,600,0
2,9,50,50,0.5000199999999996,0.5000399999999993,0.5,1200,800,400,400,400,0,800,0,0,200,0,0,600,0
2,10,50,50,0.5000199999999996,0.5000399999999993,0.5,1200,800,400,400,400,0,800,0,0,200,0,0,600,0
2,11,50,50,0.5000199999999996,0.5000399999999993,0.5,1200,800,400,400,400,0,800,0,0,200,0,0,600,0
2,12,50,50,0.5000199999999996,0.5000399999999993,0.5,1200,800,400,400,400,0,800,0,0,200,0,0,600,0
2,13,50,50,0.5000199999999996,0.5000399999999993,0.5,1200,800,400,400,400,0,800,0,0,200,0,0,600,0
2,14,50,50,0.5000199999999996,0.5000399999999993,0.5,1200,800,400,400,400,0,800,0,0,200,0,0,600,0
2,15,50,50,0.5000199999999996,0.5000399999999993,0.5,1200,800,400,400,400,0,800,0,0,200,0,0,600,0
2,16,50,50,0.5000199999999996,0.5000399999999993,0.5,1200,800,400,400,400,0,800,0,0,200,0,0,600,0
2,17,50,50,0.5000199999999996,0.5000399999999993,0.5,1200,800,400,400,400,0,800,0,0,200,0,0,600,0
2,18,50,50,0.5000199999999996,0.5000399999999993,0.5,1200,800,400,400,400,0,800,0,0,200,0,0,600,0
2,19,50,50,0.5000199999999996,0.5000399999999993,0.5,1200,800,400,400,400,0,800,0,0,200,0,0,600,0
2,20,11,22,0.500090909090909,0.5000909090909094,0.5,1200,800,400,400,400,0,800,0,0,200,0,0,600,0
2,21,10,22,0.5,0.5000909090909094,0.5,1200,700,400,400,400,0,700,0,0,100,0,0,600,0
2,22,10,22,0.5,0.5000909090909094,0.5,1200,600,400,400,400,0,600,0,0,0,0,0,600,0
2,23,10,20,0.5,0.5,0.5,1200,258,400,400,400,0,258,0,0,0,0,0,258,0
2,24,1,7,0.0,0.5,0.5,1200,200,400,400,400,0,200,0,0,0,0,0,200,0
2,25,0,0,0.0,0.0,0.0,1200,8,400,400,400,0,8,0,0,0,0,0,8,0
2,26,0,0,0.0,0.0,0.0,1200,0,400,400,400,0,0,0,0,0,0,0,0,0
2,27,0,0,0.0,0.0,0.0,1200,0,400,400,400,0,0,0,0,0,0,0,0,0
2,28,0,0,0.0,0.0,0.0,1200,0,400,400,400,0,0,0,0,0,0,0,0,0
2,29,0,0,0.0,0.0,0.0,1200,0,400,400,400,0,0,0,0,0,0,0,0,0
2,30,0,0,0.0,0.0,0.0,1200,0,400,400,400,0,0,0,0,0,0,0,0,0
2,31,0,0,0.0,0.0,0.0,1200,0,400,400,400,0,0,0,0,0,0,0,0,0
2,32,0,0,0.0,0.0,0.0,1200,0,400,400,400,0,0,0,0,0,0,0,0,0
2,33,0,0,0.0,0.0,0.0,1200,0,400,400,400,0,0,0,0,0,0,0,0,0
2,34,0,0,0.0,0.0,0.0,1200,0,400,400,400,0,0,0,0,0,0,0,0,0
2,35,0,0,0.0,0.0,0.0,1200,0,400,400,400,0,0,0,0,0,0,0,0,0
2,36,0,0,0.0,0.0,0.0,1200,0,400,400,400,0,0,0,0,0,0,0,0,0
2,37,0,0,0.0,0.0,0.0,1200,0,400,400,400,0,0,0,0,0,0,0,0,0
2,38,0,0,0.0,0.0,0.0,1200,0,400,400,400,0,0,0,0,0,0,0,0,0
2,39,0,0,0.0,0.0,0.0,1200,0,400,400,400,0,0,0,0,0,0,0,0,0
2,40,0,0,0.0,0.0,0.0,1200,0,400,400,400,0,0,0,0,0,0,0,0,0
2,41,0,0,0.0,0.0,0.0,1200,0,400,400,400,0,0,0,0,0,0,0,0,0
2,42,0,0,0.0,0.0,0.0,1200,0,400,400,400,0,0,0,0,0,0,0,0,0
2,43,0,0,0.0,0.0,0.0,1200,0,400,400,400,0,0,0,0,0,0,0,0,0
2,44,0,0,0.0,0.0,0.0,1200,0,400,400,400,0,0,0,0,0,0,0,0,0
2,45,0,0,0.0,0.0,0.0,1200,0,400,400,400,0,0,0,0,0,0,0,0,0
2,46,0,0,0.0,0.0,0.0,1200,0,400,400,400,0,0,0,0,0,0,0,0,0
2,47,0,0,0.0,0.0,0.0,1200,0,400,400,400,0,0,0,0,0,0,0,0,0
2,48,0,0,0.0,0.0,0.0,1200,0,400,400,400,0,0,0,0,0,0,0,0,0
2,49,0,0,0.0,0.0,0.0,1200,0,400,400,400,0,0,0,0,0,0,0,0,0
2,50,0,0,0.0,0.0,0.0,1200,0,400,400,400,0,0,0,0,0,0,0,0,0
2,51,0,0,0.0,0.0,0.0,1200,0,400,400,400,0,0,0,0,0,0,0,0,0
2,52,0,0,0.0,0.0,0.0,1200,0,400,400,400,0,0,0,0,0,0,0,0,0
2,53,0,0,0.0,0.0,0.0,1200,0,400,400,400,0,0,0,0,0,0,0,0,0
2,54,0,0,0.0,0.0,0.0,1200,0,400,400,400,0,0,0,0,0,0,0,0,0
2,55,0,0,0.0,0.0,0.0,1200,0,400,400,400,0,0,0,0,0,0,0,0,0
2,56,0,0,0.0,0.0,0.0,1200,0,400,400,400,0,0,0,0,0,0,0,0,0
2,57,0,0,0.0,0.0,0.0,1200,0,400,400,400,0,0,0,0,0,0,0,0,0
2,58,0,0,0.0,0.0,0.0,1200,0,400,400,400,0,0,0,0,0,0,0,0,0
2,59,0,0,0.0,0.0,0.0,1200,0,400,400,400,0,0,0,0,0,0,0,0,0
2,60,0,0,0.0,0.0,0.0,1200,0,400,400,400,0,0,0,0,0,0,0,0,0
2,61,0,0,0.0,0.0,0.0,1200,0,400,400,400,0,0,0,0,0,0,0,0,0
2,62,0,0,0.0,0.0,0.0,1200,0,400,400,400,0,0,0,0,0,0,0,0,0
2,63,0,0,0.0,0.0,0.0,1200,0,400,400,400,0,0,0,0,0,0,0,0,0
2,64,0,0,0.0,0.0,0.0,1200,0,400,400,400,0,0,0,0,0,0,0,0,0
2,65,0,0,0.0,0.0,0.0,1200,0,400,400,400,0,0,0,0,0,0,0,0,0
2,66,0,0,0.0,0.0,0.0,1200,0,400,400,400,0,0,0,0,0,0,0,0,0
2,67,0,0,0.0,0.0,0.0,1200,0,400,400,400,0,0,0,0,0,0,0,0,0
2,68,0,0,0.0,0.0,0.0,1200,0,400,400,400,0,0,0,0,0,0,0,0,0
2,69,0,0,0.0,0.0,0.0,1200,0,400,400,400,0,0,0,0,0,0,0,0,0
2,70,0,0,0.0,0.0,0.0,1200,0,400,400,400,0,0,0,0,0,0,0,0,0
2,71,0,0,0.0,0.0,0.0,1200,0,400,400,400,0,0,0,0,0,0,0,0,0
2,72,0,0,0.0,0.0,0.0,1200,0,400,400,400,0,0,0,0,0,0,0,0,0
2,73,0,0,0.0,0.0,0.0,1200,0,400,400,400,0,0,0,0,0,0,0,0,0
2,74,0,0,0.0,0.0,0.0,1200,0,400,400,400,0,0,0,0,0,0,0,0,0
2,75,0,0,0.0,0.0,0.0,1200,0,400,400,400,0,0,0,0,0,0,0,0,0
2,76,0,0,0.0,0.0,0.0,1200,0,400,400,400,0,0,0,0,0,0,0,0,0
2,77,0,0,0.0,0.0,0.0,1200,0,400,400,400,0,0,0,0,0,0,0,0,0
2,78,0,0,0.0,0.0,0.0,1200,0,400,400,400,0,0,0,0,0,0,0,0,0
2,79,0,0,0.0,0.0,0.0,1200,0,400,400,400,0,0,0,0,0,0,0,0,0
2,80,0,0,0.0,0.0,0.0,1200,0,400,400,400,0,0,0,0,0,0,0,0,0
2,81,0,0,0.0,0.0,0.0,1200,0,400,400,400,0,0,0,0,0,0,0,0,0
2,82,0,0,0.0,0.0,0.0,1200,0,400,400,400,0,0,0,0,0,0,0,0,0
2,83,0,0,0.0,0.0,0.0,480,0,160,160,160,0,0,0,0,0,0,0,0,0
2,84,0,0,0.0,0.0,0.0,0,0,0,0,0,0,0,0,0,0,0,0,0,0
2,85,0,0,0.0,0.0,0.0,0,0,0,0,0,0,0,0,0,0,0,0,0,0
2,86,0,0,0.0,0.0,0.0,0,0,0,0,0,0,0,0,0,0,0,0,0,0
2,87,0,0,0.0,0.0,0.0,0,0,0,0,0,0,0,0,0,0,0,0,0,0
2,88,0,0,0.0,0.0,0.0,0,0,0,0,0,0,0,0,0,0,0,0,0,0
2,89,0,0,0.0,0.0,0.0,0,0,0,0,0,0,0,0,0,0,0,0,0,0
2,90,0,0,0.0,0.0,0.0,0,0,0,0,0,0,0,0,0,0,0,0,0,0
2,91,0,0,0.0,0.0,0.0,0,0,0,0,0,0,0,0,0,0,0,0,0,0
2,92,0,0,0.0,0.0,0.0,0,0,0,0,0,0,0,0,0,0,0,0,0,0
2,93,0,0,0.0,0.0,0.0,0,0,0,0,0,0,0,0,0,0,0,0,0,0
2,94,0,0,0.0,0.0,0.0,0,0,0,0,0,0,0,0,0,0,0,0,0,0
2,95,0,0,0.0,0.0,0.0,0,0,0,0,0,0,0,0,0,0,0,0,0,0
2,96,0,0,0.0,0.0,0.0,0,0,0,0,0,0,0,0,0,0,0,0,0,0
2,97,0,0,0.0,0.0,0.0,0,0,0,0,0,0,0,0,0,0,0,0,0,0
2,98,0,0,0.0,0.0,0.0,0,0,0,0,0,0,0,0,0,0,0,0,0,0
2,99,0,0,0.0,0.0,0.0,0,0,0,0,0,0,0,0,0,0,0,0,0,0
2,100,0,0,0.0,0.0,0.0,0,0,0,0,0,0,0,0,0,0,0,0,0,0
2,101,0,0,0.0,0.0,0.0,0,0,0,0,0,0,0,0,0,0,0,0,0,0
2,102,0,0,0.0,0.0,0.0,0,0,0,0,0,0,0,0,0,0,0,0,0,0
2,103,0,0,0.0,0.0,0.0,0,0,0,0,0,0,0,0,0,0,0,0,0,0
2,104,0,0,0.0,0.0,0.0,0,0,0,0,0,0,0,0,0,0,0,0,0,0
2,105,0,0,0.0,0.0,0.0,0,0,0,0,0,0,0,0,0,0,0,0,0,0
2,106,0,0,0.0,0.0,0.0,0,0,0,0,0,0,0,0,0,0,0,0,0,0
2,107,0,0,0.0,0.0,0.0,0,0,0,0,0,0,0,0,0,0,0,0,0,0
2,108,0,0,0.0,0.0,0.0,0,0,0,0,0,0,0,0,0,0,0,0,0,0
2,109,0,0,0.0,0.0,0.0,0,0,0,0,0,0,0,0,0,0,0,0,0,0
2,110,0,0,0.0,0.0,0.0,0,0,0,0,0,0,0,0,0,0,0,0,0,0
2,111,0,0,0.0,0.0,0.0,0,0,0,0,0,0,0,0,0,0,0,0,0,0
2,112,0,0,0.0,0.0,0.0,0,0,0,0,0,0,0,0,0,0,0,0,0,0
2,113,0,0,0.0,0.0,0.0,0,0,0,0,0,0,0,0,0,0,0,0,0,0
2,114,0,0,0.0,0.0,0.0,0,0,0,0,0,0,0,0,0,0,0,0,0,0
2,115,0,0,0.0,0.0,0.0,0,0,0,0,0,0,0,0,0,0,0,0,0,0
2,116,0,0,0.0,0.0,0.0,0,0,0,0,0,0,0,0,0,0,0,0,0,0
2,117,0,0,0.0,0.0,0.0,0,0,0,0,0,0,0,0,0,0,0,0,0,0
2,118,0,0,0.0,0.0,0.0,0,0,0,0,0,0,0,0,0,0,0,0,0,0
2,119,0,0,0.0,0.0,0.0,0,0,0,0,0,0,0,0,0,0,0,0,0,0
2,120,0,0,0.0,0.0,0.0,0,0,0,0,0,0,0,0,0,0,0,0,0,0
2,121,0,0,0.0,0.0,0.0,0,0,0,0,0,0,0,0,0,0,0,0,0,0
2,122,0,0,0.0,0.0,0.0,0,0,0,0,0,0,0,0,0,0,0,0,0,0
2,123,0,0,0.0,0.0,0.0,0,0,0,0,0,0,0,0,0,0,0,0,0,0
2,124,0,0,0.0,0.0,0.0,315,0,105,105,105,0,0,0,0,0,0,0,0,0
2,125,0,0,0.0,0.0,0.0,1029,0,343,343,343,0,0,0,0,0,0,0,0,0
2,126,0,0,0.0,0.0,0.0,1197,0,399,399,399,0,0,0,0,0,0,0,0,0
2,127,0,0,0.0,0.0,0.0,1200,0,400,400,400,0,0,0,0,0,0,0,0,0
2,128,0,0,0.0,0.0,0.0,1200,0,400,400,400,0,0,0,0,0,0,0,0,0
2,129,0,0,0.0,0.0,0.0,1200,0,400,400,400,0,0,0,0,0,0,0,0,0
2,130,0,0,0.0,0.0,0.0,1200,0,400,400,400,0,0,0,0,0,0,0,0,0
2,131,0,0,0.0,0.0,0.0,1200,0,400,400,400,0,0,0,0,0,0,0,0,0
2,132,0,0,0.0,0.0,0.0,1200,0,400,400,400,0,0,0,0,0,0,0,0,0
2,133,0,0,0.0,0.0,0.0,1200,0,400,400,400,0,0,0,0,0,0,0,0,0
2,134,0,0,0.0,0.0,0.0,1200,0,400,400,400,0,0,0,0,0,0,0,0,0
2,135,0,0,0.0,0.0,0.0,1200,0,400,400,400,0,0,0,0,0,0,0,0,0
2,136,0,0,0.0,0.0,0.0,1200,0,400,400,400,0,0,0,0,0,0,0,0,0
2,137,0,0,0.0,0.0,0.0,1200,0,400,400,400,0,0,0,0,0,0,0,0,0
2,138,0,0,0.0,0.0,0.0,1200,0,400,400,400,0,0,0,0,0,0,0,0,0
2,139,0,0,0.0,0.0,0.0,1200,0,400,400,400,0,0,0,0,0,0,0,0,0
2,140,0,0,0.0,0.0,0.0,1200,0,400,400,400,0,0,0,0,0,0,0,0,0
2,141,0,0,0.0,0.0,0.0,1200,0,400,400,400,0,0,0,0,0,0,0,0,0
2,142,0,0,0.0,0.0,0.0,1200,0,400,400,400,0,0,0,0,0,0,0,0,0
2,143,0,0,0.0,0.0,0.0,1200,0,400,400,400,0,0,0,0,0,0,0,0,0
2,144,0,0,0.0,0.0,0.0,1200,0,400,400,400,0,0,0,0,0,0,0,0,0
2,145,0,0,0.0,0.0,0.0,1200,0,400,400,400,0,0,0,0,0,0,0,0,0
2,146,0,0,0.0,0.0,0.0,1200,0,400,400,400,0,0,0,0,0,0,0,0,0
2,147,0,0,0.0,0.0,0.0,1200,0,400,400,400,0,0,0,0,0,0,0,0,0
2,148,0,0,0.0,0.0,0.0,1200,0,400,400,400,0,0,0,0,0,0,0,0,0
2,149,0,0,0.0,0.0,0.0,1200,0,400,400,400,0,0,0,0,0,0,0,0,0
2,150,0,0,0.0,0.0,0.0,1200,0,400,400,400,0,0,0,0,0,0,0,0,0
2,151,0,0,0.0,0.0,0.0,1200,0,400,400,400,0,0,0,0,0,0,0,0,0
2,152,0,0,0.0,0.0,0.0,1200,0,400,400,400,0,0,0,0,0,0,0,0,0
2,153,0,0,0.0,0.0,0.0,1200,0,400,400,400,0,0,0,0,0,0,0,0,0
2,154,0,0,0.0,0.0,0.0,1200,0,400,400,400,0,0,0,0,0,0,0,0,0
2,155,0,0,0.0,0.0,0.0,1200,0,400,400,400,0,0,0,0,0,0,0,0,0
2,156,0,0,0.0,0.0,0.0,1200,0,400,400,400,0,0,0,0,0,0,0,0,0
2,157,0,0,0.0,0.0,0.0,1200,0,400,400,400,0,0,0,0,0,0,0,0,0
2,158,0,0,0.0,0.0,0.0,1200,0,400,400,400,0,0,0,0,0,0,0,0,0
2,159,0,0,0.0,0.0,0.0,1200,0,400,400,400,0,0,0,0,0,0,0,0,0
2,160,0,0,0.0,0.0,0.0,1200,0,400,400,400,0,0,0,0,0,0,0,0,0
2,161,0,0,0.0,0.0,0.0,1200,0,400,400,400,0,0,0,0,0,0,0,0,0
2,162,0,0,0.0,0.0,0.0,1200,0,400,400,400,0,0,0,0,0,0,0,0,0
2,163,0,0,0.0,0.0,0.0,1200,0,400,400,400,0,0,0,0,0,0,0,0,0
2,164,0,0,0.0,0.0,0.0,1200,0,400,400,400,0,0,0,0,0,0,0,0,0
2,165,0,0,0.0,0.0,0.0,1200,0,400,400,400,0,0,0,0,0,0,0,0,0
2,166,0,0,0.0,0.0,0.0,1200,0,400,400,400,0,0,0,0,0,0,0,0,0
2,167,0,0,0.0,0.0,0.0,1200,0,400,400,400,0,0,0,0,0,0,0,0,0
2,168,0,0,0.0,0.0,0.0,1200,0,400,400,400,0,0,0,0,0,0,0,0,0
2,169,0,0,0.0,0.0,0.0,1200,0,400,400,400,0,0,0,0,0,0,0,0,0
2,170,0,0,0.0,0.0,0.0,1200,0,400,400,400,0,0,0,0,0,0,0,0,0
2,171,0,0,0.0,0.0,0.0,1200,0,400,400,400,0,0,0,0,0,0,0,0,0
2,172,0,0,0.0,0.0,0.0,1200,0,400,400,400,0,0,0,0,0,0,0,0,0
2,173,0,0,0.0,0.0,0.0,1200,0,400,400,400,0,0,0,0,0,0,0,0,0
2,174,0,0,0.0,0.0,0.0,1200,0,400,400,400,0,0,0,0,0,0,0,0,0
2,175,0,0,0.0,0.0,0.0,1200,0,400,400,400,0,0,0,0,0,0,0,0,0
2,176,0,0,0.0,0.0,0.0,1200,0,400,400,400,0,0,0,0,0,0,0,0,0
2,177,0,0,0.0,0.0,0.0,1200,0,400,400,400,0,0,0,0,0,0,0,0,0
2,178,0,0,0.0,0.0,0.0,1200,0,400,400,400,0,0,0,0,0,0,0,0,0
2,179,0,0,0.0,0.0,0.0,1200,0,400,400,400,0,0,0,0,0,0,0,0,0
2,180,0,0,0.0,0.0,0.0,1200,0,400,400,400,0,0,0,0,0,0,0,0,0
2,181,0,0,0.0,0.0,0.0,1200,0,400,400,400,0,0,0,0,0,0,0,0,0
2,182,0,0,0.0,0.0,0.0,1200,0,400,400,400,0,0,0,0,0,0,0,0,0
2,183,0,0,0.0,0.0,0.0,1200,0,400,400,400,0,0,0,0,0,0,0,0,0
2,184,0,0,0.0,0.0,0.0,1200,0,400,400,400,0,0,0,0,0,0,0,0,0
2,185,0,0,0.0,0.0,0.0,1200,0,400,400,400,0,0,0,0,0,0,0,0,0
2,186,0,0,0.0,0.0,0.0,1200,0,400,400,400,0,0,0,0,0,0,0,0,0
2,187,0,0,0.0,0.0,0.0,1200,0,400,400,400,0,0,0,0,0,0,0,0,0
2,188,0,0,0.0,0.0,0.0,1200,0,400,400,400,0,0,0,0,0,0,0,0,0
2,189,0,0,0.0,0.0,0.0,1200,0,400,400,400,0,0,0,0,0,0,0,0,0
2,190,0,0,0.0,0.0,0.0,1200,0,400,400,400,0,0,0,0,0,0,0,0,0
2,191,0,0,0.0,0.0,0.0,1200,0,400,400,400,0,0,0,0,0,0,0,0,0
2,192,0,0,0.0,0.0,0.0,1200,0,400,400,400,0,0,0,0,0,0,0,0,0
2,193,0,0,0.0,0.0,0.0,1200,0,400,400,400,0,0,0,0,0,0,0,0,0
2,194,0,0,0.0,0.0,0.0,1200,0,400,400,400,0,0,0,0,0,0,0,0,0
2,195,0,0,0.0,0.0,0.0,1200,0,400,400,400,0,0,0,0,0,0,0,0,0
2,196,0,0,0.0,0.0,0.0,1200,0,400,400,400,0,0,0,0,0,0,0,0,0
2,197,0,0,0.0,0.0,0.0,1200,0,400,400,400,0,0,0,0,0,0,0,0,0
2,198,0,0,0.0,0.0,0.0,1200,0,400,400,400,0,0,0,0,0,0,0,0,0
2,199,0,0,0.0,0.0,0.0,1200,0,400,400,400,0,0,0,0,0,0,0,0,0
2,200,0,0,0.0,0.0,0.0,1200,0,400,400,400,0,0,0,0,0,0,0,0,0
3,1,50,50,0.5,0.5,0.5,1200,82,400,400,400,0,82,0,0,82,0,0,0,0
3,2,50,50,0.5000199999999996,0.5,0.5,1200,263,400,400,400,0,263,0,0,263,0,0,0,0
3,3,50,50,0.5000399999999993,0.5,0.5,1200,504,400,400,400,0,504,0,0,504,0,0,0,0
3,4,50,50,0.5000599999999988,0.5000399999999993,0.5,1200,817,400,400,400,0,672,145,0,600,64,0,72,81
3,5,50,50,0.5000599999999988,0.5000399999999993,0.5,1200,1200,400,400,400,0,800,400,0,600,200,0,200,200
3,6,50,50,0.5000599999999988,0.5000399999999993,0.5,1200,1200,400,400,400,0,800,400,0,600,200,0,200,200
3,7,50,50,0.5000599999999988,0.5000399999999993,0.5,1200,1200,400,400,400,0,800,400,0,600,200,0,200,200
3,8,50,50,0.5000599999999988,0.5000399999999993,0.5,1200,1267,400,400,400,0,867,400,0,600,200,0,267,200
3,9,50,50,0.5000599999999988,0.5000399999999993,0.5,1200,1400,400,400,400,0,1000,400,0,600,200,0,400,200
3,10,50,50,0.5000599999999988,0.5000399999999993,0.5,1200,1400,400,400,400,0,1000,400,0,600,200,0,400,200
3,11,50,50,0.5000599999999988,0.5000399999999993,0.5,1200,1400,400,400,400,0,1000,400,0,600,200,0,400,200
3,12,50,50,0.5000599999999988,0.5000399999999993,0.5,1200,1400,400,400,400,0,1000,400,0,600,200,0,400,200
3,13,50,50,0.5000599999999988,0.5000399999999993,0.5,1200,1400,400,400,400,0,1000,400,0,600,200,0,400,200
3,14,50,50,0.5000599999999988,0.5000399999999993,0.5,1200,1400,400,400,400,0,1000,400,0,600,200,0,400,200
3,15,50,50,0.5000599999999988,0.5000399999999993,0.5,1200,1400,400,400,400,0,1000,400,0,600,200,0,400,200
3,16,50,50,0.5000599999999988,0.5000399999999993,0.5,1200,1400,400,400,400,0,1000,400,0,600,200,0,400,200
3,17,50,50,0.5000599999999988,0.5000399999999993,0.5,1200,1400,400,400,400,0,1000,400,0,600,200,0,400,200
3,18,50,50,0.5000599999999988,0.5000399999999993,0.5,1200,1400,400,400,400,0,1000,400,0,600,200,0,400,200
3,19,50,50,0.5000599999999988,0.5000399999999993,0.5,1200,1400,400,400,400,0,1000,400,0,600,200,0,400,200
3,20,16,21,0.5001875000000003,0.5000952380952384,0.5,1200,1261,400,400,400,0,861,400,0,461,200,0,400,200
3,21,15,21,0.5001333333333334,0.5000952380952384,0.5,1200,1106,400,400,400,0,706,400,0,306,200,0,400,200
3,22,14,21,0.5000714285714287,0.5000952380952384,0.5,1200,998,400,400,400,0,598,400,0,198,200,0,400,200
3,23,14,21,0.5000714285714287,0.5000952380952384,0.5,1200,800,400,400,400,0,400,400,0,0,200,0,400,200
3,24,2,7,0.5,0.5,0.5,1200,374,400,400,400,0,255,119,0,0,44,0,255,75
3,25,0,1,0.0,0.0,0.0,1200,200,400,400,400,0,200,0,0,0,0,0,200,0
3,26,0,1,0.0,0.0,0.0,1200,200,400,400,400,0,200,0,0,0,0,0,200,0
3,27,0,0,0.0,0.0,0.0,1200,81,400,400,400,0,81,0,0,0,0,0,81,0
3,28,0,0,0.0,0.0,0.0,1200,0,400,400,400,0,0,0,0,0,0,0,0,0
3,29,0,0,0.0,0.0,0.0,1200,0,400,400,400,0,0,0,0,0,0,0,0,0
3,30,0,0,0.0,0.0,0.0,1200,0,400,400,400,0,0,0,0,0,0,0,0,0
3,31,0,0,0.0,0.0,0.0,1200,0,400,400,400,0,0,0,0,0,0,0,0,0
3,32,0,0,0.0,0.0,0.0,1200,0,400,400,400,0,0,0,0,0,0,0,0,0
3,33,0,0,0.0,0.0,0.0,1200,0,400,400,400,0,0,0,0,0,0,0,0,0
3,34,0,0,0.0,0.0,0.0,1200,0,400,400,400,0,0,0,0,0,0,0,0,0
3,35,0,0,0.0,0.0,0.0,1200,0,400,400,400,0,0,0,0,0,0,0,0,0
3,36,0,0,0.0,0.0,0.0,1200,0,400,400,400,0,0,0,0,0,0,0,0,0
3,37,0,0,0.0,0.0,0.0,1200,0,400,400,400,0,0,0,0,0,0,0,0,0
3,38,0,0,0.0,0.0,0.0,1200,0,400,400,400,0,0,0,0,0,0,0,0,0
3,39,0,0,0.0,0.0,0.0,1200,0,400,400,400,0,0,0,0,0,0,0,0,0
3,40,0,0,0.0,0.0,0.0,1200,0,400,400,400,0,0,0,0,0,0,0,0,0
3,41,0,0,0.0,0.0,0.0,1200,0,400,400,400,0,0,0,0,0,0,0,0,0
3,42,0,0,0.0,0.0,0.0,1200,0,400,400,400,0,0,0,0,0,0,0,0,0
3,43,0,0,0.0,0.0,0.0,1200,0,400,400,400,0,0,0,0,0,0,0,0,0
3,44,0,0,0.0,0.0,0.0,1200,0,400,400,400,0,0,0,0,0,0,0,0,0
3,45,0,0,0.0,0.0,0.0,1200,0,400,400,400,0,0,0,0,0,0,0,0,0
3,46,0,0,0.0,0.0,0.0,1200,0,400,400,400,0,0,0,0,0,0,0,0,0
3,47,0,0,0.0,0.0,0.0,1200,0,400,400,400,0,0,0,0,0,0,0,0,0
3,48,0,0,0.0,0.0,0.0,1200,0,400,400,400,0,0,0,0,0,0,0,0,0
3,49,0,0,0.0,0.0,0.0,1200,0,400,400,400,0,0,0,0,0,0,0,0,0
3,50,0,0,0.0,0.0,0.0,1200,0,400,400,400,0,0,0,0,0,0,0,0,0
3,51,0,0,0.0,0.0,0.0,1200,0,400,400,400,0,0,0,0,0,0,0,0,0
3,52,0,0,0.0,0.0,0.0,1200,0,400,400,400,0,0,0,0,0,0,0,0,0
3,53,0,0,0.0,0.0,0.0,1200,0,400,400,400,0,0,0,0,0,0,0,0,0
3,54,0,0,0.0,0.0,0.0,1200,0,400,400,400,0,0,0,0,0,0,0,0,0
3,55,0,0,0.0,0.0,0.0,1200,0,400,400,400,0,0,0,0,0,0,0,0,0
3,56,0,0,0.0,0.0,0.0,1200,0,400,400,400,0,0,0,0,0,0,0,0,0
3,57,0,0,0.0,0.0,0.0,1200,0,400,400,400,0,0,0,0,0,0,0,0,0
3,58,0,0,0.0,0.0,0.0,1200,0,400,400,400,0,0,0,0,0,0,0,0,0
3,59,0,0,0.0,0.0,0.0,1200,0,400,400,400,0,0,0,0,0,0,0,0,0
3,60,0,0,0.0,0.0,0.0,1200,0,400,400,400,0,0,0,0,0,0,0,0,0
3,61,0,0,0.0,0.0,0.0,1200,0,400,400,400,0,0,0,0,0,0,0,0,0
3,62,0,0,0.0,0.0,0.0,1200,0,400,400,400,0,0,0,0,0,0,0,0,0
3,63,0,0,0.0,0.0,0.0,1200,0,400,400,400,0,0,0,0,0,0,0,0,0
3,64,0,0,0.0,0.0,0.0,1200,0,400,400,400,0,0,0,0,0,0,0,0,0
3,65,0,0,0.0,0.0,0.0,1200,0,400,400,400,0,0,0,0,0,0,0,0,0
3,66,0,0,0.0,0.0,0.0,1200,0,400,400,400,0,0,0,0,0,0,0,0,0
3,67,0,0,0.0,0.0,0.0,1200,0,400,400,400,0,0,0,0,0,0,0,0,0
3,68,0,0,0.0,0.0,0.0,1200,0,400,400,400,0,0,0,0,0,0,0,0,0
3,69,0,0,0.0,0.0,0.0,1200,0,400,400,400,0,0,0,0,0,0,0,0,0
3,70,0,0,0.0,0.0,0.0,1200,0,400,400,400,0,0,0,0,0,0,0,0,0
3,71,0,0,0.0,0.0,0.0,1200,0,400,400,400,0,0,0,0,0,0,0,0,0
3,72,0,0,0.0,0.0,0.0,1200,0,400,400,400,0,0,0,0,0,0,0,0,0
3,73,0,0,0.0,0.0,0.0,1200,0,400,400,400,0,0,0,0,0,0,0,0,0
3,74,0,0,0.0,0.0,0.0,1200,0,400,400,400,0,0,0,0,0,0,0,0,0
3,75,0,0,0.0,0.0,0.0,1200,0,400,400,400,0,0,0,0,0,0,0,0,0
3,76,0,0,0.0,0.0,0.0,1200,0,400,400,400,0,0,0,0,0,0,0,0,0
3,77,0,0,0.0,0.0,0.0,1200,0,400,400,400,0,0,0,0,0,0,0,0,0
3,78,0,0,0.0,0.0,0.0,1200,0,400,400,400,0,0,0,0,0,0,0,0,0
3,79,0,0,0.0,0.0,0.0,1200,0,400,400,400,0,0,0,0,0,0,0,0,0
3,80,0,0,0.0,0.0,0.0,1200,0,400,400,400,0,0,0,0,0,0,0,0,0
3,81,0,0,0.0,0.0,0.0,1200,0,400,400,400,0,0,0,0,0,0,0,0,0
3,82,0,0,0.0,0.0,0.0,1200,0,400,400,400,0,0,0,0,0,0,0,0,0
3,83,0,0,0.0,0.0,0.0,528,0,176,176,176,0,0,0,0,0,0,0,0,0
3,84,0,0,0.0,0.0,0.0,0,0,0,0,0,0,0,0,0,0,0,0,0,0
3,85,0,0,0.0,0.0,0.0,0,0,0,0,0,0,0,0,0,0,0,0,0,0
3,86,0,0,0.0,0.0,0.0,0,0,0,0,0,0,0,0,0,0,0,0,0,0
3,87,0,0,0.0,0.0,0.0,0,0,0,0,0,0,0,0,0,0,0,0,0,0
3,88,0,0,0.0,0.0,0.0,0,0,0,0,0,0,0,0,0,0,0,0,0,0
3,89,0,0,0.0,0.0,0.0,0,0,0,0,0,0,0,0,0,0,0,0,0,0
3,90,0,0,0.0,0.0,0.0,0,0,0,0,0,0,0,0,0,0,0,0,0,0
3,91,0,0,0.0,0.0,0.0,0,0,0,0,0,0,0,0,0,0,0,0,0,0
3,92,0,0,0.0,0.0,0.0,0,0,0,0,0,0,0,0,0,0,0,0,0,0
3,93,0,0,0.0,0.0,0.0,0,0,0,0,0,0,0,0,0,0,0,0,0,0
3,94,0,0,0.0,0.0,0.0,0,0,0,0,0,0,0,0,0,0,0,0,0,0
3,95,0,0,0.0,0.0,0.0,0,0,0,0,0,0,0,0,0,0,0,0,0,0
3,96,0,0,0.0,0.0,0.0,0,0,0,0,0,0,0,0,0,0,0,0,0,0
3,97,0,0,0.0,0.0,0.0,0,0,0,0,0,0,0,0,0,0,0,0,0,0
3,98,0,0,0.0,0.0,0.0,0,0,0,0,0,0,0,0,0,0,0,0,0,0
3,99,0,0,0.0,0.0,0.0,0,0,0,0,0,0,0,0,0,0,0,0,0,0
3,100,0,0,0.0,0.0,0.0,0,0,0,0,0,0,0,0,0,0,0,0,0,0
3,101,0,0,0.0,0.0,0.0,0,0,0,0,0,0,0,0,0,0,0,0,0,0
3,102,0,0,0.0,0.0,0.0,0,0,0,0,0,0,0,0,0,0,0,0,0,0
3,103,0,0,0.0,0.0,0.0,0,0,0,0,0,0,0,0,0,0,0,0,0,0
3,104,0,0,0.0,0.0,0.0,0,0,0,0,0,0,0,0,0,0,0,0,0,0
3,105,0,0,0.0,0.0,0.0,0,0,0,0,0,0,0,0,0,0,0,0,0,0
3,106,0,0,0.0,0.0,0.0,0,0,0,0,0,0,0,0,0,0,0,0,0,0
3,107,0,0,0.0,0.0,0.0,0,0,0,0,0,0,0,0,0,0,0,0,0,0
3,108,0,0,0.0,0.0,0.0,0,0,0,0,0,0,0,0,0,0,0,0,0,0
3,109,0,0,0.0,0.0,0.0,0,0,0,0,0,0,0,0,0,0,0,0,0,0
3,110,0,0,0.0,0.0,0.0,0,0,0,0,0,0,0,0,0,0,0,0,0,0
3,111,0,0,0.0,0.0,0.0,0,0,0,0,0,0,0,0,0,0,0,0,0,0
3,112,0,0,0.0,0.0,0.0,0,0,0,0,0,0,0,0,0,0,0,0,0,0
3,113,0,0,0.0,0.0,0.0,0,0,0,0,0,0,0,0,0,0,0,0,0,0
3,114,0,0,0.0,0.0,0.0,0,0,0,0,0,0,0,0,0,0,0,0,0,0
3,115,0,0,0.0,0.0,0.0,0,0,0,0,0,0,0,0,0,0,0,0,0,0
3,116,0,0,0.0,0.0,0.0,0,0,0,0,0,0,0,0,0,0,0,0,0,0
3,117,0,0,0.0,0.0,0.0,0,0,0,0,0,0,0,0,0,0,0,0,0,0
3,118,0,0,0.0,0.0,0.0,0,0,0,0,0,0,0,0,0,0,0,0,0,0
3,119,0,0,0.0,0.0,0.0,0,0,0,0,0,0,0,0,0,0,0,0,0,0
3,120,0,0,0.0,0.0,0.0,0,0,0,0,0,0,0,0,0,0,0,0,0,0
3,121,0,0,0.0,0.0,0.0,0,0,0,0,0,0,0,0,0,0,0,0,0,0
3,122,0,0,0.0,0.0,0.0,3,0,1,1,1,0,0,0,0,0,0,0,0,0
3,123,0,0,0.0,0.0,0.0,66,0,22,22,22,0,0,0,0,0,0,0,0,0
3,124,0,0,0.0,0.0,0.0,270,0,90,90,90,0,0,0,0,0,0,0,0,0
3,125,0,0,0.0,0.0,0.0,711,0,237,237,237,0,0,0,0,0,0,0,0,0
3,126,0,0,0.0,0.0,0.0,1185,0,395,395,395,0,0,0,0,0,0,0,0,0
3,127,0,0,0.0,0.0,0.0,1200,0,400,400,400,0,0,0,0,0,0,0,0,0
3,128,0,0,0.0,0.0,0.0,1200,0,400,400,400,0,0,0,0,0,0,0,0,0
3,129,0,0,0.0,0.0,0.0,1200,0,400,400,400,0,0,0,0,0,0,0,0,0
3,130,0,0,0.0,0.0,0.0,1200,0,400,400,400,0,0,0,0,0,0,0,0,0
3,131,0,0,0.0,0.0,0.0,1200,0,400,400,400,0,0,0,0,0,0,0,0,0
3,132,0,0,0.0,0.0,0.0,1200,0,400,400,400,0,0,0,0,0,0,0,0,0
3,133,0,0,0.0,0.0,0.0,1200,0,400,400,400,0,0,0,0,0,0,0,0,0
3,134,0,0,0.0,0.0,0.0,1200,0,400,400,400,0,0,0,0,0,0,0,0,0
3,135,0,0,0.0,0.0,0.0,1200,0,400,400,400,0,0,0,0,0,0,0,0,0
3,136,0,0,0.0,0.0,0.0,1200,0,400,400,400,0,0,0,0,0,0,0,0,0
3,137,0,0,0.0,0.0,0.0,1200,0,400,400,400,0,0,0,0,0,0,0,0,0
3,138,0,0,0.0,0.0,0.0,1200,0,400,400,400,0,0,0,0,0,0,0,0,0
3,139,0,0,0.0,0.0,0.0,1200,0,400,400,400,0,0,0,0,0,0,0,0,0
3,140,0,0,0.0,0.0,0.0,1200,0,400,400,400,0,0,0,0,0,0,0,0,0
3,141,0,0,0.0,0.0,0.0,1200,0,400,400,400,0,0,0,0,0,0,0,0,0
3,142,0,0,0.0,0.0,0.0,1200,0,400,400,400,0,0,0,0,0,0,0,0,0
3,143,0,0,0.0,0.0,0.0,1200,0,400,400,400,0,0,0,0,0,0,0,0,0
3,144,0,0,0.0,0.0,0.0,1200,0,400,400,400,0,0,0,0,0,0,0,0,0
3,145,0,0,0.0,0.0,0.0,1200,0,400,400,400,0,0,0,0,0,0,0,0,0
3,146,0,0,0.0,0.0,0.0,1200,0,400,400,400,0,0,0,0,0,0,0,0,0
3,147,0,0,0.0,0.0,0.0,1200,0,400,400,400,0,0,0,0,0,0,0,0,0
3,148,0,0,0.0,0.0,0.0,1200,0,400,400,400,0,0,0,0,0,0,0,0,0
3,149,0,0,0.0,0.0,0.0,1200,0,400,400,400,0,0,0,0,0,0,0,0,0
3,150,0,0,0.0,0.0,0.0,1200,0,400,400,400,0,0,0,0,0,0,0,0,0
3,151,0,0,0.0,0.0,0.0,1200,0,400,400,400,0,0,0,0,0,0,0,0,0
3,152,0,0,0.0,0.0,0.0,1200,0,400,400,400,0,0,0,0,0,0,0,0,0
3,153,0,0,0.0,0.0,0.0,1200,0,400,400,400,0,0,0,0,0,0,0,0,0
3,154,0,0,0.0,0.0,0.0,1200,0,400,400,400,0,0,0,0,0,0,0,0,0
3,155,0,0,0.0,0.0,0.0,1200,0,400,400,400,0,0,0,0,0,0,0,0,0
3,156,0,0,0.0,0.0,0.0,1200,0,400,400,400,0,0,0,0,0,0,0,0,0
3,157,0,0,0.0,0.0,0.0,1200,0,400,400,400,0,0,0,0,0,0,0,0,0
3,158,0,0,0.0,0.0,0.0,1200,0,400,400,400,0,0,0,0,0,0,0,0,0
3,159,0,0,0.0,0.0,0.0,1200,0,400,400,400,0,0,0,0,0,0,0,0,0
3,160,0,0,0.0,0.0,0.0,1200,0,400,400,400,0,0,0,0,0,0,0,0,0
3,161,0,0,0.0,0.0,0.0,1200,0,400,400,400,0,0,0,0,0,0,0,0,0
3,162,0,0,0.0,0.0,0.0,1200,0,400,400,400,0,0,0,0,0,0,0,0,0
3,163,0,0,0.0,0.0,0.0,1200,0,400,400,400,0,0,0,0,0,0,0,0,0
3,164,0,0,0.0,0.0,0.0,1200,0,400,400,400,0,0,0,0,0,0,0,0,0
3,165,0,0,0.0,0.0,0.0,1200,0,400,400,400,0,0,0,0,0,0,0,0,0
3,166,0,0,0.0,0.0,0.0,1200,0,400,400,400,0,0,0,0,0,0,0,0,0
3,167,0,0,0.0,0.0,0.0,1200,0,400,400,400,0,0,0,0,0,0,0,0,0
3,168,0,0,0.0,0.0,0.0,1200,0,400,400,400,0,0,0,0,0,0,0,0,0
3,169,0,0,0.0,0.0,0.0,1200,0,400,400,400,0,0,0,0,0,0,0,0,0
3,170,0,0,0.0,0.0,0.0,1200,0,400,400,400,0,0,0,0,0,0,0,0,0
3,171,0,0,0.0,0.0,0.0,1200,0,400,400,400,0,0,0,0,0,0,0,0,0
3,172,0,0,0.0,0.0,0.0,1200,0,400,400,400,0,0,0,0,0,0,0,0,0
3,173,0,0,0.0,0.0,0.0,1200,0,400,400,400,0,0,0,0,0,0,0,0,0
3,174,0,0,0.0,0.0,0.0,1200,0,400,400,400,0,0,0,0,0,0,0,0,0
3,175,0,0,0.0,0.0,0.0,1200,0,400,400,400,0,0,0,0,0,0,0,0,0
3,176,0,0,0.0,0.0,0.0,1200,0,400,400,400,0,0,0,0,0,0,0,0,0
3,177,0,0,0.0,0.0,0.0,1200,0,400,400,400,0,0,0,0,0,0,0,0,0
3,178,0,0,0.0,0.0,0.0,1200,0,400,400,400,0,0,0,0,0,0,0,0,0
3,179,0,0,0.0,0.0,0.0,1200,0,400,400,400,0,0,0,0,0,0,0,0,0
3,180,0,0,0.0,0.0,0.0,1200,0,400,400,400,0,0,0,0,0,0,0,0,0
3,181,0,0,0.0,0.0,0.0,1200,0,400,400,400,0,0,0,0,0,0,0,0,0
3,182,0,0,0.0,0.0,0.0,1200,0,400,400,400,0,0,0,0,0,0,0,0,0
3,183,0,0,0.0,0.0,0.0,1200,0,400,400,400,0,0,0,0,0,0,0,0,0
3,184,0,0,0.0,0.0,0.0,1200,0,400,400,400,0,0,0,0,0,0,0,0,0
3,185,0,0,0.0,0.0,0.0,1200,0,400,400,400,0,0,0,0,0,0,0,0,0
3,186,0,0,0.0,0.0,0.0,1200,0,400,400,400,0,0,0,0,0,0,0,0,0
3,187,0,0,0.0,0.0,0.0,1200,0,400,400,400,0,0,0,0,0,0,0,0,0
3,188,0,0,0.0,0.0,0.0,1200,0,400,400,400,0,0,0,0,0,0,0,0,0
3,189,0,0,0.0,0.0,0.0,1200,0,400,400,400,0,0,0,0,0,0,0,0,0
3,190,0,0,0.0,0.0,0.0,1200,0,400,400,400,0,0,0,0,0,0,0,0,0
3,191,0,0,0.0,0.0,0.0,1200,0,400,400,400,0,0,0,0,0,0,0,0,0
3,192,0,0,0.0,0.0,0.0,1200,0,400,400,400,0,0,0,0,0,0,0,0,0
3,193,0,0,0.0,0.0,0.0,1200,0,400,400,400,0,0,0,0,0,0,0,0,0
3,194,0,0,0.0,0.0,0.0,1200,0,400,400,400,0,0,0,0,0,0,0,0,0
3,195,0,0,0.0,0.0,0.0,1200,0,400,400,400,0,0,0,0,0,0,0,0,0
3,196,0,0,0.0,0.0,0.0,1200,0,400,400,400,0,0,0,0,0,0,0,0,0
3,197,0,0,0.0,0.0,0.0,1200,0,400,400,400,0,0,0,0,0,0,0,0,0
3,198,0,0,0.0,0.0,0.0,1200,0,400,400,400,0,0,0,0,0,0,0,0,0
3,199,0,0,0.0,0.0,0.0,1200,0,400,400,400,0,0,0,0,0,0,0,0,0
3,200,0,0,0.0,0.0,0.0,1200,0,400,400,400,0,0,0,0,0,0,0,0,0
4,1,50,50,0.5,0.5,0.5,1200,160,400,400,400,0,86,74,0,0,0,0,86,74
4,2,50,50,0.5,0.5,0.5,1200,400,400,400,400,0,200,200,0,0,0,0,200,200
4,3,50,50,0.5,0.5,0.5,1200,400,400,400,400,0,200,200,0,0,0,0,200,200
4,4,50,50,0.5,0.5,0.5,1200,472,400,400,400,0,272,200,0,72,0,0,200,200
4,5,50,50,0.5,0.5,0.5,1200,600,400,400,400,0,400,200,0,200,0,0,200,200
4,6,50,50,0.5,0.5,0.5,1200,600,400,400,400,0,400,200,0,200,0,0,200,200
4,7,50,50,0.5,0.5,0.5,1200,600,400,400,400,0,400,200,0,200,0,0,200,200
4,8,50,50,0.5,0.5,0.5,1200,600,400,400,400,0,400,200,0,200,0,0,200,200
4,9,50,50,0.5,0.5,0.5,1200,600,400,400,400,0,400,200,0,200,0,0,200,200
4,10,50,50,0.5,0.5,0.5,1200,600,400,400,400,0,400,200,0,200,0,0,200,200
4,11,50,50,0.5,0.5,0.5,1200,600,400,400,400,0,400,200,0,200,0,0,200,200
4,12,50,50,0.5,0.5,0.5,1200,600,400,400,400,0,400,200,0,200,0,0,200,200
4,13,50,50,0.5,0.5,0.5,1200,600,400,400,400,0,400,200,0,200,0,0,200,200
4,14,50,50,0.5,0.5,0.5,1200,600,400,400,400,0,400,200,0,200,0,0,200,200
4,15,50,50,0.5,0.5,0.5,1200,600,400,400,400,0,400,200,0,200,0,0,200,200
4,16,50,50,0.5,0.5,0.5,1200,600,400,400,400,0,400,200,0,200,0,0,200,200
4,17,50,50,0.5,0.5,0.5,1200,600,400,400,400,0,400,200,0,200,0,0,200,200
4,18,50,50,0.5,0.5,0.5,1200,600,400,400,400,0,400,200,0,200,0,0,200,200
4,19,50,50,0.5,0.5,0.5,1200,600,400,400,400,0,400,200,0,200,0,0,200,200
4,20,1,0,0.0,0.0,0.0,1200,328,400,400,400,0,275,53,0,200,0,0,75,53
4,21,1,0,0.0,0.0,0.0,1200,200,400,400,400,0,200,0,0,200,0,0,0,0
4,22,1,0,0.0,0.0,0.0,1200,200,400,400,400,0,200,0,0,200,0,0,0,0
4,23,0,0,0.0,0.0,0.0,1200,17,400,400,400,0,17,0,0,17,0,0,0,0
4,24,0,0,0.0,0.0,0.0,1200,0,400,400,400,0,0,0,0,0,0,0,0,0
4,25,0,0,0.0,0.0,0.0,1200,0,400,400,400,0,0,0,0,0,0,0,0,0
4,26,0,0,0.0,0.0,0.0,1200,0,400,400,400,0,0,0,0,0,0,0,0,0
4,27,0,0,0.0,0.0,0.0,1200,0,400,400,400,0,0,0,0,0,0,0,0,0
4,28,0,0,0.0,0.0,0.0,1200,0,400,400,400,0,0,0,0,0,0,0,0,0
4,29,0,0,0.0,0.0,0.0,1200,0,400,400,400,0,0,0,0,0,0,0,0,0
4,30,0,0,0.0,0.0,0.0,1200,0,400,400,400,0,0,0,0,0,0,0,0,0
4,31,0,0,0.0,0.0,0.0,1200,0,400,400,400,0,0,0,0,0,0,0,0,0
4,32,0,0,0.0,0.0,0.0,1200,0,400,400,400,0,0,0,0,0,0,0,0,0
4,33,0,0,0.0,0.0,0.0,1200,0,400,400,400,0,0,0,0,0,0,0,0,0
4,34,0,0,0.0,0.0,0.0,1200,0,400,400,400,0,0,0,0,0,0,0,0,0
4,35,0,0,0.0,0.0,0.0,1200,0,400,400,400,0,0,0,0,0,0,0,0,0
4,36,0,0,0.0,0.0,0.0,1200,0,400,400,400,0,0,0,0,0,0,0,0,0
4,37,0,0,0.0,0.0,0.0,1200,0,400,400,400,0,0,0,0,0,0,0,0,0
4,38,0,0,0.0,0.0,0.0,1200,0,400,400,400,0,0,0,0,0,0,0,0,0
4,39,0,0,0.0,0.0,0.0,1200,0,400,400,400,0,0,0,0,0,0,0,0,0
4,40,0,0,0.0,0.0,0.0,1200,0,400,400,400,0,0,0,0,0,0,0,0,0
4,41,0,0,0.0,0.0,0.0,1200,0,400,400,400,0,0,0,0,0,0,0,0,0
4,42,0,0,0.0,0.0,0.0,1200,0,400,400,400,0,0,0,0,0,0,0,0,0
4,43,0,0,0.0,0.0,0.0,1200,0,400,400,400,0,0,0,0,0,0,0,0,0
4,44,0,0,0.0,0.0,0.0,1200,0,400,400,400,0,0,0,0,0,0,0,0,0
4,45,0,0,0.0,0.0,0.0,1200,0,400,400,400,0,0,0,0,0,0,0,0,0
4,46,0,0,0.0,0.0,0.0,1200,0,400,400,400,0,0,0,0,0,0,0,0,0
4,47,0,0,0.0,0.0,0.0,1200,0,400,400,400,0,0,0,0,0,0,0,0,0
4,48,0,0,0.0,0.0,0.0,1200,0,400,400,400,0,0,0,0,0,0,0,0,0
4,49,0,0,0.0,0.0,0.0,1200,0,400,400,400,0,0,0,0,0,0,0,0,0
4,50,0,0,0.0,0.0,0.0,1200,0,400,400,400,0,0,0,0,0,0,0,0,0
4,51,0,0,0.0,0.0,0.0,1200,0,400,400,400,0,0,0,0,0,0,0,0,0
4,52,0,0,0.0,0.0,0.0,1200,0,400,400,400,0,0,0,0,0,0,0,0,0
4,53,0,0,0.0,0.0,0.0,1200,0,400,400,400,0,0,0,0,0,0,0,0,0
4,54,0,0,0.0,0.0,0.0,1200,0,400,400,400,0,0,0,0,0,0,0,0,0
4,55,0,0,0.0,0.0,0.0,1200,0,400,400,400,0,0,0,0,0,0,0,0,0
4,56,0,0,0.0,0.0,0.0,1200,0,400,400,400,0,0,0,0,0,0,0,0,0
4,57,0,0,0.0,0.0,0.0,1200,0,400,400,400,0,0,0,0,0,0,0,0,0
4,58,0,0,0.0,0.0,0.0,1200,0,400,400,400,0,0,0,0,0,0,0,0,0
4,59,0,0,0.0,0.0,0.0,1200,0,400,400,400,0,0,0,0,0,0,0,0,0
4,60,0,0,0.0,0.0,0.0,1200,0,400,400,400,0,0,0,0,0,0,0,0,0
4,61,0,0,0.0,0.0,0.0,1200,0,400,400,400,0,0,0,0,0,0,0,0,0
4,62,0,0,0.0,0.0,0.0,1200,0,400,400,400,0,0,0,0,0,0,0,0,0
4,63,0,0,0.0,0.0,0.0,1200,0,400,400,400,0,0,0,0,0,0,0,0,0
4,64,0,0,0.0,0.0,0.0,1200,0,400,400,400,0,0,0,0,0,0,0,0,0
4,65,0,0,0.0,0.0,0.0,1200,0,400,400,400,0,0,0,0,0,0,0,0,0
4,66,0,0,0.0,0.0,0.0,1200,0,400,400,400,0,0,0,0,0,0,0,0,0
4,67,0,0,0.0,0.0,0.0,1200,0,400,400,400,0,0,0,0,0,0,0,0,0
4,68,0,0,0.0,0.0,0.0,1200,0,400,400,400,0,0,0,0,0,0,0,0,0
4,69,0,0,0.0,0.0,0.0,1200,0,400,400,400,0,0,0,0,0,0,0,0,0
4,70,0,0,0.0,0.0,0.0,1200,0,400,400,400,0,0,0,0,0,0,0,0,0
4,71,0,0,0.0,0.0,0.0,1200,0,400,400,400,0,0,0,0,0,0,0,0,0
4,72,0,0,0.0,0.0,0.0,1200,0,400,400,400,0,0,0,0,0,0,0,0,0
4,73,0,0,0.0,0.0,0.0,1200,0,400,400,400,0,0,0,0,0,0,0,0,0
4,74,0,0,0.0,0.0,0.0,1200,0,400,400,400,0,0,0,0,0,0,0,0,0
4,75,0,0,0.0,0.0,0.0,1200,0,400,400,400,0,0,0,0,0,0,0,0,0
4,76,0,0,0.0,0.0,0.0,1200,0,400,400,400,0,0,0,0,0,0,0,0,0
4,77,0,0,0.0,0.0,0.0,1200,0,400,400,400,0,0,0,0,0,0,0,0,0
4,78,0,0,0.0,0.0,0.0,1200,0,400,400,400,0,0,0,0,0,0,0,0,0
4,79,0,0,0.0,0.0,0.0,1200,0,400,400,400,0,0,0,0,0,0,0,0,0
4,80,0,0,0.0,0.0,0.0,1200,0,400,400,400,0,0,0,0,0,0,0,0,0
4,81,0,0,0.0,0.0,0.0,1200,0,400,400,400,0,0,0,0,0,0,0,0,0
4,82,0,0,0.0,0.0,0.0,1200,0,400,400,400,0,0,0,0,0,0,0,0,0
4,83,0,0,0.0,0.0,0.0,504,0,168,168,168,0,0,0,0,0,0,0,0,0
4,84,0,0,0.0,0.0,0.0,0,0,0,0,0,0,0,0,0,0,0,0,0,0
4,85,0,0,0.0,0.0,0.0,0,0,0,0,0,0,0,0,0,0,0,0,0,0
4,86,0,0,0.0,0.0,0.0,0,0,0,0,0,0,0,0,0,0,0,0,0,0
4,87,0,0,0.0,0.0,0.0,0,0,0,0,0,0,0,0,0,0,0,0,0,0
4,88,0,0,0.0,0.0,0.0,0,0,0,0,0,0,0,0,0,0,0,0,0,0
4,89,0,0,0.0,0.0,0.0,0,0,0,0,0,0,0,0,0,0,0,0,0,0
4,90,0,0,0.0,0.0,0.0,0,0,0,0,0,0,0,0,0,0,0,0,0,0
4,91,0,0,0.0,0.0,0.0,0,0,0,0,0,0,0,0,0,0,0,0,0,0
4,92,0,0,0.0,0.0,0.0,0,0,0,0,0,0,0,0,0,0,0,0,0,0
4,93,0,0,0.0,0.0,0.0,0,0,0,0,0,0,0,0,0,0,0,0,0,0
4,94,0,0,0.0,0.0,0.0,0,0,0,0,0,0,0,0,0,0,0,0,0,0
4,95,0,0,0.0,0.0,0.0,0,0,0,0,0,0,0,0,0,0,0,0,0,0
4,96,0,0,0.0,0.0,0.0,0,0,0,0,0,0,0,0,0,0,0,0,0,0
4,97,0,0,0.0,0.0,0.0,0,0,0,0,0,0,0,0,0,0,0,0,0,0
4,98,0,0,0.0,0.0,0.0,0,0,0,0,0,0,0,0,0,0,0,0,0,0
4,99,0,0,0.0,0.0,0.0,0,0,0,0,0,0,0,0,0,0,0,0,0,0
4,100,0,0,0.0,0.0,0.0,0,0,0,0,0,0,0,0,0,0,0,0,0,0
4,101,0,0,0.0,0.0,0.0,0,0,0,0,0,0,0,0,0,0,0,0,0,0
4,102,0,0,0.0,0.0,0.0,0,0,0,0,0,0,0,0,0,0,0,0,0,0
4,103,0,0,0.0,0.0,0.0,0,0,0,0,0,0,0,0,0,0,0,0,0,0
4,104,0,0,0.0,0.0,0.0,0,0,0,0,0,0,0,0,0,0,0,0,0,0
4,105,0,0,0.0,0.0,0.0,0,0,0,0,0,0,0,0,0,0,0,0,0,0
4,106,0,0,0.0,0.0,0.0,0,0,0,0,0,0,0,0,0,0,0,0,0,0
4,107,0,0,0.0,0.0,0.0,0,0,0,0,0,0,0,0,0,0,0,0,0,0
4,108,0,0,0.0,0.0,0.0,0,0,0,0,0,0,0,0,0,0,0,0,0,0
4,109,0,0,0.0,0.0,0.0,0,0,0,0,0,0,0,0,0,0,0,0,0,0
4,110,0,0,0.0,0.0,0.0,0,0,0,0,0,0,0,0,0,0,0,0,0,0
4,111,0,0,0.0,0.0,0.0,0,0,0,0,0,0,0,0,0,0,0,0,0,0
4,112,0,0,0.0,0.0,0.0,0,0,0,0,0,0,0,0,0,0,0,0,0,0
4,113,0,0,0.0,0.0,0.0,0,0,0,0,0,0,0,0,0,0,0,0,0,0
4,114,0,0,0.0,0.0,0.0,0,0,0,0,0,0,0,0,0,0,0,0,0,0
4,115,0,0,0.0,0.0,0.0,0,0,0,0,0,0,0,0,0,0,0,0,0,0
4,116,0,0,0.0,0.0,0.0,0,0,0,0,0,0,0,0,0,0,0,0,0,0
4,117,0,0,0.0,0.0,0.0,0,0,0,0,0,0,0,0,0,0,0,0,0,0
4,118,0,0,0.0,0.0,0.0,0,0,0,0,0,0,0,0,0,0,0,0,0,0
4,119,0,0,0.0,0.0,0.0,0,0,0,0,0,0,0,0,0,0,0,0,0,0
4,120,0,0,0.0,0.0,0.0,0,0,0,0,0,0,0,0,0,0,0,0,0,0
4,121,0,0,0.0,0.0,0.0,3,0,1,1,1,0,0,0,0,0,0,0,0,0
4,122,0,0,0.0,0.0,0.0,30,0,10,10,10,0,0,0,0,0,0,0,0,0
4,123,0,0,0.0,0.0,0.0,213,0,71,71,71,0,0,0,0,0,0,0,0,0
4,124,0,0,0.0,0.0,0.0,474,0,158,158,158,0,0,0,0,0,0,0,0,0
4,125,0,0,0.0,0.0,0.0,999,0,333,333,333,0,0,0,0,0,0,0,0,0
4,126,0,0,0.0,0.0,0.0,1200,0,400,400,400,0,0,0,0,0,0,0,0,0
4,127,0,0,0.0,0.0,0.0,1200,0,400,400,400,0,0,0,0,0,0,0,0,0
4,128,0,0,0.0,0.0,0.0,1200,0,400,400,400,0,0,0,0,0,0,0,0,0
4,129,0,0,0.0,0.0,0.0,1200,0,400,400,400,0,0,0,0,0,0,0,0,0
4,130,0,0,0.0,0.0,0.0,1200,0,400,400,400,0,0,0,0,0,0,0,0,0
4,131,0,0,0.0,0.0,0.0,1200,0,400,400,400,0,0,0,0,0,0,0,0,0
4,132,0,0,0.0,0.0,0.0,1200,0,400,400,400,0,0,0,0,0,0,0,0,0
4,133,0,0,0.0,0.0,0.0,1200,0,400,400,400,0,0,0,0,0,0,0,0,0
4,134,0,0,0.0,0.0,0.0,1200,0,400,400,400,0,0,0,0,0,0,0,0,0
4,135,0,0,0.0,0.0,0.0,1200,0,400,400,400,0,0,0,0,0,0,0,0,0
4,136,0,0,0.0,0.0,0.0,1200,0,400,400,400,0,0,0,0,0,0,0,0,0
4,137,0,0,0.0,0.0,0.0,1200,0,400,400,400,0,0,0,0,0,0,0,0,0
4,138,0,0,0.0,0.0,0.0,1200,0,400,400,400,0,0,0,0,0,0,0,0,0
4,139,0,0,0.0,0.0,0.0,1200,0,400,400,400,0,0,0,0,0,0,0,0,0
4,140,0,0,0.0,0.0,0.0,1200,0,400,400,400,0,0,0,0,0,0,0,0,0
4,141,0,0,0.0,0.0,0.0,1200,0,400,400,400,0,0,0,0,0,0,0,0,0
4,142,0,0,0.0,0.0,0.0,1200,0,400,400,400,0,0,0,0,0,0,0,0,0
4,143,0,0,0.0,0.0,0.0,1200,0,400,400,400,0,0,0,0,0,0,0,0,0
4,144,0,0,0.0,0.0,0.0,1200,0,400,400,400,0,0,0,0,0,0,0,0,0
4,145,0,0,0.0,0.0,0.0,1200,0,400,400,400,0,0,0,0,0,0,0,0,0
4,146,0,0,0.0,0.0,0.0,1200,0,400,400,400,0,0,0,0,0,0,0,0,0
4,147,0,0,0.0,0.0,0.0,1200,0,400,400,400,0,0,0,0,0,0,0,0,0
4,148,0,0,0.0,0.0,0.0,1200,0,400,400,400,0,0,0,0,0,0,0,0,0
4,149,0,0,0.0,0.0,0.0,1200,0,400,400,400,0,0,0,0,0,0,0,0,0
4,150,0,0,0.0,0.0,0.0,1200,0,400,400,400,0,0,0,0,0,0,0,0,0
4,151,0,0,0.0,0.0,0.0,1200,0,400,400,400,0,0,0,0,0,0,0,0,0
4,152,0,0,0.0,0.0,0.0,1200,0,400,400,400,0,0,0,0,0,0,0,0,0
4,153,0,0,0.0,0.0,0.0,1200,0,400,400,400,0,0,0,0,0,0,0,0,0
4,154,0,0,0.0,0.0,0.0,1200,0,400,400,400,0,0,0,0,0,0,0,0,0
4,155,0,0,0.0,0.0,0.0,1200,0,400,400,400,0,0,0,0,0,0,0,0,0
4,156,0,0,0.0,0.0,0.0,1200,0,400,400,400,0,0,0,0,0,0,0,0,0
4,157,0,0,0.0,0.0,0.0,1200,0,400,400,400,0,0,0,0,0,0,0,0,0
4,158,0,0,0.0,0.0,0.0,1200,0,400,400,400,0,0,0,0,0,0,0,0,0
4,159,0,0,0.0,0.0,0.0,1200,0,400,400,400,0,0,0,0,0,0,0,0,0
4,160,0,0,0.0,0.0,0.0,1200,0,400,400,400,0,0,0,0,0,0,0,0,0
4,161,0,0,0.0,0.0,0.0,1200,0,400,400,400,0,0,0,0,0,0,0,0,0
4,162,0,0,0.0,0.0,0.0,1200,0,400,400,400,0,0,0,0,0,0,0,0,0
4,163,0,0,0.0,0.0,0.0,1200,0,400,400,400,0,0,0,0,0,0,0,0,0
4,164,0,0,0.0,0.0,0.0,1200,0,400,400,400,0,0,0,0,0,0,0,0,0
4,165,0,0,0.0,0.0,0.0,1200,0,400,400,400,0,0,0,0,0,0,0,0,0
4,166,0,0,0.0,0.0,0.0,1200,0,400,400,400,0,0,0,0,0,0,0,0,0
4,167,0,0,0.0,0.0,0.0,1200,0,400,400,400,0,0,0,0,0,0,0,0,0
4,168,0,0,0.0,0.0,0.0,1200,0,400,400,400,0,0,0,0,0,0,0,0,0
4,169,0,0,0.0,0.0,0.0,1200,0,400,400,400,0,0,0,0,0,0,0,0,0
4,170,0,0,0.0,0.0,0.0,1200,0,400,400,400,0,0,0,0,0,0,0,0,0
4,171,0,0,0.0,0.0,0.0,1200,0,400,400,400,0,0,0,0,0,0,0,0,0
4,172,0,0,0.0,0.0,0.0,1200,0,400,400,400,0,0,0,0,0,0,0,0,0
4,173,0,0,0.0,0.0,0.0,1200,0,400,400,400,0,0,0,0,0,0,0,0,0
4,174,0,0,0.0,0.0,0.0,1200,0,400,400,400,0,0,0,0,0,0,0,0,0
4,175,0,0,0.0,0.0,0.0,1200,0,400,400,400,0,0,0,0,0,0,0,0,0
4,176,0,0,0.0,0.0,0.0,1200,0,400,400,400,0,0,0,0,0,0,0,0,0
4,177,0,0,0.0,0.0,0.0,1200,0,400,400,400,0,0,0,0,0,0,0,0,0
4,178,0,0,0.0,0.0,0.0,1200,0,400,400,400,0,0,0,0,0,0,0,0,0
4,179,0,0,0.0,0.0,0.0,1200,0,400,400,400,0,0,0,0,0,0,0,0,0
4,180,0,0,0.0,0.0,0.0,1200,0,400,400,400,0,0,0,0,0,0,0,0,0
4,181,0,0,0.0,0.0,0.0,1200,0,400,400,400,0,0,0,0,0,0,0,0,0
4,182,0,0,0.0,0.0,0.0,1200,0,400,400,400,0,0,0,0,0,0,0,0,0
4,183,0,0,0.0,0.0,0.0,1200,0,400,400,400,0,0,0,0,0,0,0,0,0
4,184,0,0,0.0,0.0,0.0,1200,0,400,400,400,0,0,0,0,0,0,0,0,0
4,185,0,0,0.0,0.0,0.0,1200,0,400,400,400,0,0,0,0,0,0,0,0,0
4,186,0,0,0.0,0.0,0.0,1200,0,400,400,400,0,0,0,0,0,0,0,0,0
4,187,0,0,0.0,0.0,0.0,1200,0,400,400,400,0,0,0,0,0,0,0,0,0
4,188,0,0,0.0,0.0,0.0,1200,0,400,400,400,0,0,0,0,0,0,0,0,0
4,189,0,0,0.0,0.0,0.0,1200,0,400,400,400,0,0,0,0,0,0,0,0,0
4,190,0,0,0.0,0.0,0.0,1200,0,400,400,400,0,0,0,0,0,0,0,0,0
4,191,0,0,0.0,0.0,0.0,1200,0,400,400,400,0,0,0,0,0,0,0,0,0
4,192,0,0,0.0,0.0,0.0,1200,0,400,400,400,0,0,0,0,0,0,0,0,0
4,193,0,0,0.0,0.0,0.0,1200,0,400,400,400,0,0,0,0,0,0,0,0,0
4,194,0,0,0.0,0.0,0.0,1200,0,400,400,400,0,0,0,0,0,0,0,0,0
4,195,0,0,0.0,0.0,0.0,1200,0,400,400,400,0,0,0,0,0,0,0,0,0
4,196,0,0,0.0,0.0,0.0,1200,0,400,400,400,0,0,0,0,0,0,0,0,0
4,197,0,0,0.0,0.0,0.0,1200,0,400,400,400,0,0,0,0,0,0,0,0,0
4,198,0,0,0.0,0.0,0.0,1200,0,400,400,400,0,0,0,0,0,0,0,0,0
4,199,0,0,0.0,0.0,0.0,1200,0,400,400,400,0,0,0,0,0,0,0,0,0
4,200,0,0,0.0,0.0,0.0,1200,0,400,400,400,0,0,0,0,0,0,0,0,0
5,1,50,50,0.5000199999999996,0.5,0.5,1200,286,400,400,400,93,193,0,0,193,0,93,0,0
5,2,50,50,0.5000199999999996,0.5000199999999996,0.5,1200,662,400,400,400,200,462,0,0,400,0,200,62,0
5,3,50,50,0.5000199999999996,0.5000199999999996,0.5,1200,800,400,400,400,200,600,0,0,400,0,200,200,0
5,4,50,50,0.5000199999999996,0.5000199999999996,0.5,1200,898,400,400,400,200,698,0,0,400,0,200,298,0
5,5,50,50,0.5000199999999996,0.5000199999999996,0.5,1200,1000,400,400,400,200,800,0,0,400,0,200,400,0
5,6,50,50,0.5000199999999996,0.5000199999999996,0.5,1200,1000,400,400,400,200,800,0,0,400,0,200,400,0
5,7,50,50,0.5000199999999996,0.5000199999999996,0.5,1200,1000,400,400,400,200,800,0,0,400,0,200,400,0
5,8,50,50,0.5000199999999996,0.5000199999999996,0.5,1200,1000,400,400,400,200,800,0,0,400,0,200,400,0
5,9,50,50,0.5000199999999996,0.5000199999999996,0.5,1200,1000,400,400,400,200,800,0,0,400,0,200,400,0
5,10,50,50,0.5000199999999996,0.5000199999999996,0.5,1200,1000,400,400,400,200,800,0,0,400,0,200,400,0
5,11,50,50,0.5000199999999996,0.5000199999999996,0.5,1200,1000,400,400,400,200,800,0,0,400,0,200,400,0
5,12,50,50,0.5000199999999996,0.5000199999999996,0.5,1200,1000,400,400,400,200,800,0,0,400,0,200,400,0
5,13,50,50,0.5000199999999996,0.5000199999999996,0.5,1200,1000,400,400,400,200,800,0,0,400,0,200,400,0
5,14,50,50,0.5000199999999996,0.5000199999999996,0.5,1200,1000,400,400,400,200,800,0,0,400,0,200,400,0
5,15,50,50,0.5000199999999996,0.5000199999999996,0.5,1200,1000,400,400,400,200,800,0,0,400,0,200,400,0
5,16,50,50,0.5000199999999996,0.5000199999999996,0.5,1200,1000,400,400,400,200,800,0,0,400,0,200,400,0
5,17,50,50,0.5000199999999996,0.5000199999999996,0.5,1200,1000,400,400,400,200,800,0,0,400,0,200,400,0
5,18,50,50,0.5000199999999996,0.5000199999999996,0.5,1200,1000,400,400,400,200,800,0,0,400,0,200,400,0
5,19,50,50,0.5000199999999996,0.5000199999999996,0.5,1200,1000,400,400,400,200,800,0,0,400,0,200,400,0
5,20,10,3,0.5,0.5003333333333333,0.5,1200,616,400,400,400,88,528,0,0,128,0,88,400,0
5,21,10,2,0.5,0.5,0.5,1200,287,400,400,400,0,287,0,0,0,0,0,287,0
5,22,10,2,0.5,0.5,0.5,1200,200,400,400,400,0,200,0,0,0,0,0,200,0
5,23,10,1,0.5,0.0,0.5,1200,44,400,400,400,0,44,0,0,0,0,0,44,0
5,24,2,0,0.5,0.0,0.0,1200,0,400,400,400,0,0,0,0,0,0,0,0,0
5,25,0,0,0.0,0.0,0.0,1200,0,400,400,400,0,0,0,0,0,0,0,0,0
5,26,0,0,0.0,0.0,0.0,1200,0,400,400,400,0,0,0,0,0,0,0,0,0
5,27,0,0,0.0,0.0,0.0,1200,0,400,400,400,0,0,0,0,0,0,0,0,0
5,28,0,0,0.0,0.0,0.0,1200,0,400,400,400,0,0,0,0,0,0,0,0,0
5,29,0,0,0.0,0.0,0.0,1200,0,400,400,400,0,0,0,0,0,0,0,0,0
5,30,0,0,0.0,0.0,0.0,1200,0,400,400,400,0,0,0,0,0,0,0,0,0
5,31,0,0,0.0,0.0,0.0,1200,0,400,400,400,0,0,0,0,0,0,0,0,0
5,32,0,0,0.0,0.0,0.0,1200,0,400,400,400,0,0,0,0,0,0,0,0,0
5,33,0,0,0.0,0.0,0.0,1200,0,400,400,400,0,0,0,0,0,0,0,0,0
5,34,0,0,0.0,0.0,0.0,1200,0,400,400,400,0,0,0,0,0,0,0,0,0
5,35,0,0,0.0,0.0,0.0,1200,0,400,400,400,0,0,0,0,0,0,0,0,0
5,36,0,0,0.0,0.0,0.0,1200,0,400,400,400,0,0,0,0,0,0,0,0,0
5,37,0,0,0.0,0.0,0.0,1200,0,400,400,400,0,0,0,0,0,0,0,0,0
5,38,0,0,0.0,0.0,0.0,1200,0,400,400,400,0,0,0,0,0,0,0,0,0
5,39,0,0,0.0,0.0,0.0,1200,0,400,400,400,0,0,0,0,0,0,0,0,0
5,40,0,0,0.0,0.0,0.0,1200,0,400,400,400,0,0,0,0,0,0,0,0,0
5,41,0,0,0.0,0.0,0.0,1200,0,400,400,400,0,0,0,0,0,0,0,0,0
5,42,0,0,0.0,0.0,0.0,1200,0,400,400,400,0,0,0,0,0,0,0,0,0
5,43,0,0,0.0,0.0,0.0,1200,0,400,400,400,0,0,0,0,0,0,0,0,0
5,44,0,0,0.0,0.0,0.0,1200,0,400,400,400,0,0,0,0,0,0,0,0,0
5,45,0,0,0.0,0.0,0.0,1200,0,400,400,400,0,0,0,0,0,0,0,0,0
5,46,0,0,0.0,0.0,0.0,1200,0,400,400,400,0,0,0,0,0,0,0,0,0
5,47,0,0,0.0,0.0,0.0,1200,0,400,400,400,0,0,0,0,0,0,0,0,0
5,48,0,0,0.0,0.0,0.0,1200,0,400,400,400,0,0,0,0,0,0,0,0,0
5,49,0,0,0.0,0.0,0.0,1200,0,400,400,400,0,0,0,0,0,0,0,0,0
5,50,0,0,0.0,0.0,0.0,1200,0,400,400,400,0,0,0,0,0,0,0,0,0
5,51,0,0,0.0,0.0,0.0,1200,0,400,400,400,0,0,0,0,0,0,0,0,0
5,52,0,0,0.0,0.0,0.0,1200,0,400,400,400,0,0,0,0,0,0,0,0,0
5,53,0,0,0.0,0.0,0.0,1200,0,400,400,400,0,0,0,0,0,0,0,0,0
5,54,0,0,0.0,0.0,0.0,1200,0,400,400,400,0,0,0,0,0,0,0,0,0
5,55,0,0,0.0,0.0,0.0,1200,0,400,400,400,0,0,0,0,0,0,0,0,0
5,56,0,0,0.0,0.0,0.0,1200,0,400,400,400,0,0,0,0,0,0,0,0,0
5,57,0,0,0.0,0.0,0.0,1200,0,400,400,400,0,0,0,0,0,0,0,0,0
5,58,0,0,0.0,0.0,0.0,1200,0,400,400,400,0,0,0,0,0,0,0,0,0
5,59,0,0,0.0,0.0,0.0,1200,0,400,400,400,0,0,0,0,0,0,0,0,0
5,60,0,0,0.0,0.0,0.0,1200,0,400,400,400,0,0,0,0,0,0,0,0,0
5,61,0,0,0.0,0.0,0.0,1200,0,400,400,400,0,0,0,0,0,0,0,0,0
5,62,0,0,0.0,0.0,0.0,1200,0,400,400,400,0,0,0,0,0,0,0,0,0
5,63,0,0,0.0,0.0,0.0,1200,0,400,400,400,0,0,0,0,0,0,0,0,0
5,64,0,0,0.0,0.0,0.0,1200,0,400,400,400,0,0,0,0,0,0,0,0,0
5,65,0,0,0.0,0.0,0.0,1200,0,400,400,400,0,0,0,0,0,0,0,0,0
5,66,0,0,0.0,0.0,0.0,1200,0,400,400,400,0,0,0,0,0,0,0,0,0
5,67,0,0,0.0,0.0,0.0,1200,0,400,400,400,0,0,0,0,0,0,0,0,0
5,68,0,0,0.0,0.0,0.0,1200,0,400,400,400,0,0,0,0,0,0,0,0,0
5,69,0,0,0.0,0.0,0.0,1200,0,400,400,400,0,0,0,0,0,0,0,0,0
5,70,0,0,0.0,0.0,0.0,1200,0,400,400,400,0,0,0,0,0,0,0,0,0
5,71,0,0,0.0,0.0,0.0,1200,0,400,400,400,0,0,0,0,0,0,0,0,0
5,72,0,0,0.0,0.0,0.0,1200,0,400,400,400,0,0,0,0,0,0,0,0,0
5,73,0,0,0.0,0.0,0.0,1200,0,400,400,400,0,0,0,0,0,0,0,0,0
5,74,0,0,0.0,0.0,0.0,1200,0,400,400,400,0,0,0,0,0,0,0,0,0
5,75,0,0,0.0,0.0,0.0,1200,0,400,400,400,0,0,0,0,0,0,0,0,0
5,76,0,0,0.0,0.0,0.0,1200,0,400,400,400,0,0,0,0,0,0,0,0,0
5,77,0,0,0.0,0.0,0.0,1200,0,400,400,400,0,0,0,0,0,0,0,0,0
5,78,0,0,0.0,0.0,0.0,1200,0,400,400,400,0,0,0,0,0,0,0,0,0
5,79,0,0,0.0,0.0,0.0,1200,0,400,400,400,0,0,0,0,0,0,0,0,0
5,80,0,0,0.0,0.0,0.0,1200,0,400,400,400,0,0,0,0,0,0,0,0,0
5,81,0,0,0.0,0.0,0.0,1200,0,400,400,400,0,0,0,0,0,0,0,0,0
5,82,0,0,0.0,0.0,0.0,1200,0,400,400,400,0,0,0,0,0,0,0,0,0
5,83,0,0,0.0,0.0,0.0,561,0,187,187,187,0,0,0,0,0,0,0,0,0
5,84,0,0,0.0,0.0,0.0,0,0,0,0,0,0,0,0,0,0,0,0,0,0
5,85,0,0,0.0,0.0,0.0,0,0,0,0,0,0,0,0,0,0,0,0,0,0
5,86,0,0,0.0,0.0,0.0,0,0,0,0,0,0,0,0,0,0,0,0,0,0
5,87,0,0,0.0,0.0,0.0,0,0,0,0,0,0,0,0,0,0,0,0,0,0
5,88,0,0,0.0,0.0,0.0,0,0,0,0,0,0,0,0,0,0,0,0,0,0
5,89,0,0,0.0,0.0,0.0,0,0,0,0,0,0,0,0,0,0,0,0,0,0
5,90,0,0,0.0,0.0,0.0,0,0,0,0,0,0,0,0,0,0,0,0,0,0
5,91,0,0,0.0,0.0,0.0,0,0,0,0,0,0,0,0,0,0,0,0,0,0
5,92,0,0,0.0,0.0,0.0,0,0,0,0,0,0,0,0,0,0,0,0,0,0
5,93,0,0,0.0,0.0,0.0,0,0,0,0,0,0,0,0,0,0,0,0,0,0
5,94,0,0,0.0,0.0,0.0,0,0,0,0,0,0,0,0,0,0,0,0,0,0
5,95,0,0,0.0,0.0,0.0,0,0,0,0,0,0,0,0,0,0,0,0,0,0
5,96,0,0,0.0,0.0,0.0,0,0,0,0,0,0,0,0,0,0,0,0,0,0
5,97,0,0,0.0,0.0,0.0,0,0,0,0,0,0,0,0,0,0,0,0,0,0
5,98,0,0,0.0,0.0,0.0,0,0,0,0,0,0,0,0,0,0,0,0,0,0
5,99,0,0,0.0,0.0,0.0,0,0,0,0,0,0,0,0,0,0,0,0,0,0
5,100,0,0,0.0,0.0,0.0,0,0,0,0,0,0,0,0,0,0,0,0,0,0
5,101,0,0,0.0,0.0,0.0,0,0,0,0,0,0,0,0,0,0,0,0,0,0
5,102,0,0,0.0,0.0,0.0,0,0,0,0,0,0,0,0,0,0,0,0,0,0
5,103,0,0,0.0,0.0,0.0,0,0,0,0,0,0,0,0,0,0,0,0,0,0
5,104,0,0,0.0,0.0,0.0,0,0,0,0,0,0,0,0,0,0,0,0,0,0
5,105,0,0,0.0,0.0,0.0,0,0,0,0,0,0,0,0,0,0,0,0,0,0
5,106,0,0,0.0,0.0,0.0,0,0,0,0,0,0,0,0,0,0,0,0,0,0
5,107,0,0,0.0,0.0,0.0,0,0,0,0,0,0,0,0,0,0,0,0,0,0
5,108,0,0,0.0,0.0,0.0,0,0,0,0,0,0,0,0,0,0,0,0,0,0
5,109,0,0,0.0,0.0,0.0,0,0,0,0,0,0,0,0,0,0,0,0,0,0
5,110,0,0,0.0,0.0,0.0,0,0,0,0,0,0,0,0,0,0,0,0,0,0
5,111,0,0,0.0,0.0,0.0,0,0,0,0,0,0,0,0,0,0,0,0,0,0
5,112,0,0,0.0,0.0,0.0,0,0,0,0,0,0,0,0,0,0,0,0,0,0
5,113,0,0,0.0,0.0,0.0,0,0,0,0,0,0,0,0,0,0,0,0,0,0
5,114,0,0,0.0,0.0,0.0,0,0,0,0,0,0,0,0,0,0,0,0,0,0
5,115,0,0,0.0,0.0,0.0,0,0,0,0,0,0,0,0,0,0,0,0,0,0
5,116,0,0,0.0,0.0,0.0,0,0,0,0,0,0,0,0,0,0,0,0,0,0
5,117,0,0,0.0,0.0,0.0,0,0,0,0,0,0,0,0,0,0,0,0,0,0
5,118,0,0,0.0,0.0,0.0,0,0,0,0,0,0,0,0,0,0,0,0,0,0
5,119,0,0,0.0,0.0,0.0,0,0,0,0,0,0,0,0,0,0,0,0,0,0
5,120,0,0,0.0,0.0,0.0,0,0,0,0,0,0,0,0,0,0,0,0,0,0
5,121,0,0,0.0,0.0,0.0,3,0,1,1,1,0,0,0,0,0,0,0,0,0
5,122,0,0,0.0,0.0,0.0,15,0,5,5,5,0,0,0,0,0,0,0,0,0
5,123,0,0,0.0,0.0,0.0,297,0,99,99,99,0,0,0,0,0,0,0,0,0
5,124,0,0,0.0,0.0,0.0,747,0,249,249,249,0,0,0,0,0,0,0,0,0
5,125,0,0,0.0,0.0,0.0,1119,0,373,373,373,0,0,0,0,0,0,0,0,0
5,126,0,0,0.0,0.0,0.0,1197,0,399,399,399,0,0,0,0,0,0,0,0,0
5,127,0,0,0.0,0.0,0.0,1200,0,400,400,400,0,0,0,0,0,0,0,0,0
5,128,0,0,0.0,0.0,0.0,1200,0,400,400,400,0,0,0,0,0,0,0,0,0
5,129,0,0,0.0,0.0,0.0,1200,0,400,400,400,0,0,0,0,0,0,0,0,0
5,130,0,0,0.0,0.0,0.0,1200,0,400,400,400,0,0,0,0,0,0,0,0,0
5,131,0,0,0.0,0.0,0.0,1200,0,400,400,400,0,0,0,0,0,0,0,0,0
5,132,0,0,0.0,0.0,0.0,1200,0,400,400,400,0,0,0,0,0,0,0,0,0
5,133,0,0,0.0,0.0,0.0,1200,0,400,400,400,0,0,0,0,0,0,0,0,0
5,134,0,0,0.0,0.0,0.0,1200,0,400,400,400,0,0,0,0,0,0,0,0,0
5,135,0,0,0.0,0.0,0.0,1200,0,400,400,400,0,0,0,0,0,0,0,0,0
5,136,0,0,0.0,0.0,0.0,1200,0,400,400,400,0,0,0,0,0,0,0,0,0
5,137,0,0,0.0,0.0,0.0,1200,0,400,400,400,0,0,0,0,0,0,0,0,0
5,138,0,0,0.0,0.0,0.0,1200,0,400,400,400,0,0,0,0,0,0,0,0,0
5,139,0,0,0.0,0.0,0.0,1200,0,400,400,400,0,0,0,0,0,0,0,0,0
5,140,0,0,0.0,0.0,0.0,1200,0,400,400,400,0,0,0,0,0,0,0,0,0
5,141,0,0,0.0,0.0,0.0,1200,0,400,400,400,0,0,0,0,0,0,0,0,0
5,142,0,0,0.0,0.0,0.0,1200,0,400,400,400,0,0,0,0,0,0,0,0,0
5,143,0,0,0.0,0.0,0.0,1200,0,400,400,400,0,0,0,0,0,0,0,0,0
5,144,0,0,0.0,0.0,0.0,1200,0,400,400,400,0,0,0,0,0,0,0,0,0
5,145,0,0,0.0,0.0,0.0,1200,0,400,400,400,0,0,0,0,0,0,0,0,0
5,146,0,0,0.0,0.0,0.0,1200,0,400,400,400,0,0,0,0,0,0,0,0,0
5,147,0,0,0.0,0.0,0.0,1200,0,400,400,400,0,0,0,0,0,0,0,0,0
5,148,0,0,0.0,0.0,0.0,1200,0,400,400,400,0,0,0,0,0,0,0,0,0
5,149,0,0,0.0,0.0,0.0,1200,0,400,400,400,0,0,0,0,0,0,0,0,0
5,150,0,0,0.0,0.0,0.0,1200,0,400,400,400,0,0,0,0,0,0,0,0,0
5,151,0,0,0.0,0.0,0.0,1200,0,400,400,400,0,0,0,0,0,0,0,0,0
5,152,0,0,0.0,0.0,0.0,1200,0,400,400,400,0,0,0,0,0,0,0,0,0
5,153,0,0,0.0,0.0,0.0,1200,0,400,400,400,0,0,0,0,0,0,0,0,0
5,154,0,0,0.0,0.0,0.0,1200,0,400,400,400,0,0,0,0,0,0,0,0,0
5,155,0,0,0.0,0.0,0.0,1200,0,400,400,400,0,0,0,0,0,0,0,0,0
5,156,0,0,0.0,0.0,0.0,1200,0,400,400,400,0,0,0,0,0,0,0,0,0
5,157,0,0,0.0,0.0,0.0,1200,0,400,400,400,0,0,0,0,0,0,0,0,0
5,158,0,0,0.0,0.0,0.0,1200,0,400,400,400,0,0,0,0,0,0,0,0,0
5,159,0,0,0.0,0.0,0.0,1200,0,400,400,400,0,0,0,0,0,0,0,0,0
5,160,0,0,0.0,0.0,0.0,1200,0,400,400,400,0,0,0,0,0,0,0,0,0
5,161,0,0,0.0,0.0,0.0,1200,0,400,400,400,0,0,0,0,0,0,0,0,0
5,162,0,0,0.0,0.0,0.0,1200,0,400,400,400,0,0,0,0,0,0,0,0,0
5,163,0,0,0.0,0.0,0.0,1200,0,400,400,400,0,0,0,0,0,0,0,0,0
5,164,0,0,0.0,0.0,0.0,1200,0,400,400,400,0,0,0,0,0,0,0,0,0
5,165,0,0,0.0,0.0,0.0,1200,0,400,400,400,0,0,0,0,0,0,0,0,0
5,166,0,0,0.0,0.0,0.0,1200,0,400,400,400,0,0,0,0,0,0,0,0,0
5,167,0,0,0.0,0.0,0.0,1200,0,400,400,400,0,0,0,0,0,0,0,0,0
5,168,0,0,0.0,0.0,0.0,1200,0,400,400,400,0,0,0,0,0,0,0,0,0
5,169,0,0,0.0,0.0,0.0,1200,0,400,400,400,0,0,0,0,0,0,0,0,0
5,170,0,0,0.0,0.0,0.0,1200,0,400,400,400,0,0,0,0,0,0,0,0,0
5,171,0,0,0.0,0.0,0.0,1200,0,400,400,400,0,0,0,0,0,0,0,0,0
5,172,0,0,0.0,0.0,0.0,1200,0,400,400,400,0,0,0,0,0,0,0,0,0
5,173,0,0,0.0,0.0,0.0,1200,0,400,400,400,0,0,0,0,0,0,0,0,0
5,174,0,0,0.0,0.0,0.0,1200,0,400,400,400,0,0,0,0,0,0,0,0,0
5,175,0,0,0.0,0.0,0.0,1200,0,400,400,400,0,0,0,0,0,0,0,0,0
5,176,0,0,0.0,0.0,0.0,1200,0,400,400,400,0,0,0,0,0,0,0,0,0
5,177,0,0,0.0,0.0,0.0,1200,0,400,400,400,0,0,0,0,0,0,0,0,0
5,178,0,0,0.0,0.0,0.0,1200,0,400,400,400,0,0,0,0,0,0,0,0,0
5,179,0,0,0.0,0.0,0.0,1200,0,400,400,400,0,0,0,0,0,0,0,0,0
5,180,0,0,0.0,0.0,0.0,1200,0,400,400,400,0,0,0,0,0,0,0,0,0
5,181,0,0,0.0,0.0,0.0,1200,0,400,400,400,0,0,0,0,0,0,0,0,0
5,182,0,0,0.0,0.0,0.0,1200,0,400,400,400,0,0,0,0,0,0,0,0,0
5,183,0,0,0.0,0.0,0.0,1200,0,400,400,400,0,0,0,0,0,0,0,0,0
5,184,0,0,0.0,0.0,0.0,1200,0,400,400,400,0,0,0,0,0,0,0,0,0
5,185,0,0,0.0,0.0,0.0,1200,0,400,400,400,0,0,0,0,0,0,0,0,0
5,186,0,0,0.0,0.0,0.0,1200,0,400,400,400,0,0,0,0,0,0,0,0,0
5,187,0,0,0.0,0.0,0.0,1200,0,400,400,400,0,0,0,0,0,0,0,0,0
5,188,0,0,0.0,0.0,0.0,1200,0,400,400,400,0,0,0,0,0,0,0,0,0
5,189,0,0,0.0,0.0,0.0,1200,0,400,400,400,0,0,0,0,0,0,0,0,0
5,190,0,0,0.0,0.0,0.0,1200,0,400,400,400,0,0,0,0,0,0,0,0,0
5,191,0,0,0.0,0.0,0.0,1200,0,400,400,400,0,0,0,0,0,0,0,0,0
5,192,0,0,0.0,0.0,0.0,1200,0,400,400,400,0,0,0,0,0,0,0,0,0
5,193,0,0,0.0,0.0,0.0,1200,0,400,400,400,0,0,0,0,0,0,0,0,0
5,194,0,0,0.0,0.0,0.0,1200,0,400,400,400,0,0,0,0,0,0,0,0,0
5,195,0,0,0.0,0.0,0.0,1200,0,400,400,400,0,0,0,0,0,0,0,0,0
5,196,0,0,0.0,0.0,0.0,1200,0,400,400,400,0,0,0,0,0,0,0,0,0
5,197,0,0,0.0,0.0,0.0,1200,0,400,400,400,0,0,0,0,0,0,0,0,0
5,198,0,0,0.0,0.0,0.0,1200,0,400,400,400,0,0,0,0,0,0,0,0,0
5,199,0,0,0.0,0.0,0.0,1200,0,400,400,400,0,0,0,0,0,0,0,0,0
5,200,0,0,0.0,0.0,0.0,1200,0,400,400,400,0,0,0,0,0,0,0,0,0
6,1,50,50,0.5,0.5,0.5,1200,65,400,400,400,0,65,0,0,65,0,0,0,0
6,2,50,50,0.5,0.5,0.5,1200,200,400,400,400,0,200,0,0,200,0,0,0,0
6,3,50,50,0.5,0.5,0.5,1200,200,400,400,400,0,200,0,0,200,0,0,0,0
6,4,50,50,0.5,0.5,0.5,1200,200,400,400,400,0,200,0,0,200,0,0,0,0
6,5,50,50,0.5,0.5,0.5,1200,200,400,400,400,0,200,0,0,200,0,0,0,0
6,6,50,50,0.5,0.5,0.5,1200,200,400,400,400,0,200,0,0,200,0,0,0,0
6,7,50,50,0.5,0.5,0.5,1200,200,400,400,400,0,200,0,0,200,0,0,0,0
6,8,50,50,0.5,0.5,0.5,1200,200,400,400,400,0,200,0,0,200,0,0,0,0
6,9,50,50,0.5,0.5,0.5,1200,200,400,400,400,0,200,0,0,200,0,0,0,0
6,10,50,50,0.5,0.5,0.5,1200,200,400,400,400,0,200,0,0,200,0,0,0,0
6,11,50,50,0.5,0.5,0.5,1200,200,400,400,400,0,200,0,0,200,0,0,0,0
6,12,50,50,0.5,0.5,0.5,1200,200,400,400,400,0,200,0,0,200,0,0,0,0
6,13,50,50,0.5,0.5,0.5,1200,200,400,400,400,0,200,0,0,200,0,0,0,0
6,14,50,50,0.5,0.5,0.5,1200,200,400,400,400,0,200,0,0,200,0,0,0,0
6,15,50,50,0.5,0.5,0.5,1200,200,400,400,400,0,200,0,0,200,0,0,0,0
6,16,50,50,0.5,0.5,0.5,1200,200,400,400,400,0,200,0,0,200,0,0,0,0
6,17,50,50,0.5,0.5,0.5,1200,200,400,400,400,0,200,0,0,200,0,0,0,0
6,18,50,50,0.5,0.5,0.5,1200,200,400,400,400,0,200,0,0,200,0,0,0,0
6,19,50,50,0.5,0.5,0.5,1200,200,400,400,400,0,200,0,0,200,0,0,0,0
6,20,0,0,0.0,0.0,0.0,1200,67,400,400,400,0,67,0,0,67,0,0,0,0
6,21,0,0,0.0,0.0,0.0,1200,0,400,400,400,0,0,0,0,0,0,0,0,0
6,22,0,0,0.0,0.0,0.0,1200,0,400,400,400,0,0,0,0,0,0,0,0,0
6,23,0,0,0.0,0.0,0.0,1200,0,400,400,400,0,0,0,0,0,0,0,0,0
6,24,0,0,0.0,0.0,0.0,1200,0,400,400,400,0,0,0,0,0,0,0,0,0
6,25,0,0,0.0,0.0,0.0,1200,0,400,400,400,0,0,0,0,0,0,0,0,0
6,26,0,0,0.0,0.0,0.0,1200,0,400,400,400,0,0,0,0,0,0,0,0,0
6,27,0,0,0.0,0.0,0.0,1200,0,400,400,400,0,0,0,0,0,0,0,0,0
6,28,0,0,0.0,0.0,0.0,1200,0,400,400,400,0,0,0,0,0,0,0,0,0
6,29,0,0,0.0,0.0,0.0,1200,0,400,400,400,0,0,0,0,0,0,0,0,0
6,30,0,0,0.0,0.0,0.0,1200,0,400,400,400,0,0,0,0,0,0,0,0,0
6,31,0,0,0.0,0.0,0.0,1200,0,400,400,400,0,0,0,0,0,0,0,0,0
6,32,0,0,0.0,0.0,0.0,1200,0,400,400,400,0,0,0,0,0,0,0,0,0
6,33,0,0,0.0,0.0,0.0,1200,0,400,400,400,0,0,0,0,0,0,0,0,0
6,34,0,0,0.0,0.0,0.0,1200,0,400,400,400,0,0,0,0,0,0,0,0,0
6,35,0,0,0.0,0.0,0.0,1200,0,400,400,400,0,0,0,0,0,0,0,0,0
6,36,0,0,0.0,0.0,0.0,1200,0,400,400,400,0,0,0,0,0,0,0,0,0
6,37,0,0,0.0,0.0,0.0,1200,0,400,400,400,0,0,0,0,0,0,0,0,0
6,38,0,0,0.0,0.0,0.0,1200,0,400,400,400,0,0,0,0,0,0,0,0,0
6,39,0,0,0.0,0.0,0.0,1200,0,400,400,400,0,0,0,0,0,0,0,0,0
6,40,0,0,0.0,0.0,0.0,1200,0,400,400,400,0,0,0,0,0,0,0,0,0
6,41,0,0,0.0,0.0,0.0,1200,0,400,400,400,0,0,0,0,0,0,0,0,0
6,42,0,0,0.0,0.0,0.0,1200,0,400,400,400,0,0,0,0,0,0,0,0,0
6,43,0,0,0.0,0.0,0.0,1200,0,400,400,400,0,0,0,0,0,0,0,0,0
6,44,0,0,0.0,0.0,0.0,1200,0,400,400,400,0,0,0,0,0,0,0,0,0
6,45,0,0,0.0,0.0,0.0,1200,0,400,400,400,0,0,0,0,0,0,0,0,0
6,46,0,0,0.0,0.0,0.0,1200,0,400,400,400,0,0,0,0,0,0,0,0,0
6,47,0,0,0.0,0.0,0.0,1200,0,400,400,400,0,0,0,0,0,0,0,0,0
6,48,0,0,0.0,0.0,0.0,1200,0,400,400,400,0,0,0,0,0,0,0,0,0
6,49,0,0,0.0,0.0,0.0,1200,0,400,400,400,0,0,0,0,0,0,0,0,0
6,50,0,0,0.0,0.0,0.0,1200,0,400,400,400,0,0,0,0,0,0,0,0,0
6,51,0,0,0.0,0.0,0.0,1200,0,400,400,400,0,0,0,0,0,0,0,0,0
6,52,0,0,0.0,0.0,0.0,1200,0,400,400,400,0,0,0,0,0,0,0,0,0
6,53,0,0,0.0,0.0,0.0,1200,0,400,400,400,0,0,0,0,0,0,0,0,0
6,54,0,0,0.0,0.0,0.0,1200,0,400,400,400,0,0,0,0,0,0,0,0,0
6,55,0,0,0.0,0.0,0.0,1200,0,400,400,400,0,0,0,0,0,0,0,0,0
6,56,0,0,0.0,0.0,0.0,1200,0,400,400,400,0,0,0,0,0,0,0,0,0
6,57,0,0,0.0,0.0,0.0,1200,0,400,400,400,0,0,0,0,0,0,0,0,0
6,58,0,0,0.0,0.0,0.0,1200,0,400,400,400,0,0,0,0,0,0,0,0,0
6,59,0,0,0.0,0.0,0.0,1200,0,400,400,400,0,0,0,0,0,0,0,0,0
6,60,0,0,0.0,0.0,0.0,1200,0,400,400,400,0,0,0,0,0,0,0,0,0
6,61,0,0,0.0,0.0,0.0,1200,0,400,400,400,0,0,0,0,0,0,0,0,0
6,62,0,0,0.0,0.0,0.0,1200,0,400,400,400,0,0,0,0,0,0,0,0,0
6,63,0,0,0.0,0.0,0.0,1200,0,400,400,400,0,0,0,0,0,0,0,0,0
6,64,0,0,0.0,0.0,0.0,1200,0,400,400,400,0,0,0,0,0,0,0,0,0
6,65,0,0,0.0,0.0,0.0,1200,0,400,400,400,0,0,0,0,0,0,0,0,0
6,66,0,0,0.0,0.0,0.0,1200,0,400,400,400,0,0,0,0,0,0,0,0,0
6,67,0,0,0.0,0.0,0.0,1200,0,400,400,400,0,0,0,0,0,0,0,0,0
6,68,0,0,0.0,0.0,0.0,1200,0,400,400,400,0,0,0,0,0,0,0,0,0
6,69,0,0,0.0,0.0,0.0,1200,0,400,400,400,0,0,0,0,0,0,0,0,0
6,70,0,0,0.0,0.0,0.0,1200,0,400,400,400,0,0,0,0,0,0,0,0,0
6,71,0,0,0.0,0.0,0.0,1200,0,400,400,400,0,0,0,0,0,0,0,0,0
6,72,0,0,0.0,0.0,0.0,1200,0,400,400,400,0,0,0,0,0,0,0,0,0
6,73,0,0,0.0,0.0,0.0,1200,0,400,400,400,0,0,0,0,0,0,0,0,0
6,74,0,0,0.0,0.0,0.0,1200,0,400,400,400,0,0,0,0,0,0,0,0,0
6,75,0,0,0.0,0.0,0.0,1200,0,400,400,400,0,0,0,0,0,0,0,0,0
6,76,0,0,0.0,0.0,0.0,1200,0,400,400,400,0,0,0,0,0,0,0,0,0
6,77,0,0,0.0,0.0,0.0,1200,0,400,400,400,0,0,0,0,0,0,0,0,0
6,78,0,0,0.0,0.0,0.0,1200,0,400,400,400,0,0,0,0,0,0,0,0,0
6,79,0,0,0.0,0.0,0.0,1200,0,400,400,400,0,0,0,0,0,0,0,0,0
6,80,0,0,0.0,0.0,0.0,1200,0,400,400,400,0,0,0,0,0,0,0,0,0
6,81,0,0,0.0,0.0,0.0,1200,0,400,400,400,0,0,0,0,0,0,0,0,0
6,82,0,0,0.0,0.0,0.0,1200,0,400,400,400,0,0,0,0,0,0,0,0,0
6,83,0,0,0.0,0.0,0.0,441,0,147,147,147,0,0,0,0,0,0,0,0,0
6,84,0,0,0.0,0.0,0.0,0,0,0,0,0,0,0,0,0,0,0,0,0,0
6,85,0,0,0.0,0.0,0.0,0,0,0,0,0,0,0,0,0,0,0,0,0,0
6,86,0,0,0.0,0.0,0.0,0,0,0,0,0,0,0,0,0,0,0,0,0,0
6,87,0,0,0.0,0.0,0.0,0,0,0,0,0,0,0,0,0,0,0,0,0,0
6,88,0,0,0.0,0.0,0.0,0,0,0,0,0,0,0,0,0,0,0,0,0,0
6,89,0,0,0.0,0.0,0.0,0,0,0,0,0,0,0,0,0,0,0,0,0,0
6,90,0,0,0.0,0.0,0.0,0,0,0,0,0,0,0,0,0,0,0,0,0,0
6,91,0,0,0.0,0.0,0.0,0,0,0,0,0,0,0,0,0,0,0,0,0,0
6,92,0,0,0.0,0.0,0.0,0,0,0,0,0,0,0,0,0,0,0,0,0,0
6,93,0,0,0.0,0.0,0.0,0,0,0,0,0,0,0,0,0,0,0,0,0,0
6,94,0,0,0.0,0.0,0.0,0,0,0,0,0,0,0,0,0,0,0,0,0,0
6,95,0,0,0.0,0.0,0.0,0,0,0,0,0,0,0,0,0,0,0,0,0,0
6,96,0,0,0.0,0.0,0.0,0,0,0,0,0,0,0,0,0,0,0,0,0,0
6,97,0,0,0.0,0.0,0.0,0,0,0,0,0,0,0,0,0,0,0,0,0,0
6,98,0,0,0.0,0.0,0.0,0,0,0,0,0,0,0,0,0,0,0,0,0,0
6,99,0,0,0.0,0.0,0.0,0,0,0,0,0,0,0,0,0,0,0,0,0,0
6,100,0,0,0.0,0.0,0.0,0,0,0,0,0,0,0,0,0,0,0,0,0,0
6,101,0,0,0.0,0.0,0.0,0,0,0,0,0,0,0,0,0,0,0,0,0,0
6,102,0,0,0.0,0.0,0.0,0,0,0,0,0,0,0,0,0,0,0,0,0,0
6,103,0,0,0.0,0.0,0.0,0,0,0,0,0,0,0,0,0,0,0,0,0,0
6,104,0,0,0.0,0.0,0.0,0,0,0,0,0,0,0,0,0,0,0,0,0,0
6,105,0,0,0.0,0.0,0.0,0,0,0,0,0,0,0,0,0,0,0,0,0,0
6,106,0,0,0.0,0.0,0.0,0,0,0,0,0,0,0,0,0,0,0,0,0,0
6,107,0,0,0.0,0.0,0.0,0,0,0,0,0,0,0,0,0,0,0,0,0,0
6,108,0,0,0.0,0.0,0.0,0,0,0,0,0,0,0,0,0,0,0,0,0,0
6,109,0,0,0.0,0.0,0.0,0,0,0,0,0,0,0,0,0,0,0,0,0,0
6,110,0,0,0.0,0.0,0.0,0,0,0,0,0,0,0,0,0,0,0,0,0,0
6,111,0,0,0.0,0.0,0.0,0,0,0,0,0,0,0,0,0,0,0,0,0,0
6,112,0,0,0.0,0.0,0.0,0,0,0,0,0,0,0,0,0,0,0,0,0,0
6,113,0,0,0.0,0.0,0.0,0,0,0,0,0,0,0,0,0,0,0,0,0,0
6,114,0,0,0.0,0.0,0.0,0,0,0,0,0,0,0,0,0,0,0,0,0,0
6,115,0,0,0.0,0.0,0.0,0,0,0,0,0,0,0,0,0,0,0,0,0,0
6,116,0,0,0.0,0.0,0.0,0,0,0,0,0,0,0,0,0,0,0,0,0,0
6,117,0,0,0.0,0.0,0.0,0,0,0,0,0,0,0,0,0,0,0,0,0,0
6,118,0,0,0.0,0.0,0.0,0,0,0,0,0,0,0,0,0,0,0,0,0,0
6,119,0,0,0.0,0.0,0.0,0,0,0,0,0,0,0,0,0,0,0,0,0,0
6,120,0,0,0.0,0.0,0.0,0,0,0,0,0,0,0,0,0,0,0,0,0,0
6,121,0,0,0.0,0.0,0.0,0,0,0,0,0,0,0,0,0,0,0,0,0,0
6,122,0,0,0.0,0.0,0.0,33,0,11,11,11,0,0,0,0,0,0,0,0,0
6,123,0,0,0.0,0.0,0.0,63,0,21,21,21,0,0,0,0,0,0,0,0,0
6,124,0,0,0.0,0.0,0.0,606,0,202,202,202,0,0,0,0,0,0,0,0,0
6,125,0,0,0.0,0.0,0.0,1146,0,382,382,382,0,0,0,0,0,0,0,0,0
6,126,0,0,0.0,0.0,0.0,1200,0,400,400,400,0,0,0,0,0,0,0,0,0
6,127,0,0,0.0,0.0,0.0,1200,0,400,400,400,0,0,0,0,0,0,0,0,0
6,128,0,0,0.0,0.0,0.0,1200,0,400,400,400,0,0,0,0,0,0,0,0,0
6,129,0,0,0.0,0.0,0.0,1200,0,400,400,400,0,0,0,0,0,0,0,0,0
6,130,0,0,0.0,0.0,0.0,1200,0,400,400,400,0,0,0,0,0,0,0,0,0
6,131,0,0,0.0,0.0,0.0,1200,0,400,400,400,0,0,0,0,0,0,0,0,0
6,132,0,0,0.0,0.0,0.0,1200,0,400,400,400,0,0,0,0,0,0,0,0,0
6,133,0,0,0.0,0.0,0.0,1200,0,400,400,400,0,0,0,0,0,0,0,0,0
6,134,0,0,0.0,0.0,0.0,1200,0,400,400,400,0,0,0,0,0,0,0,0,0
6,135,0,0,0.0,0.0,0.0,1200,0,400,400,400,0,0,0,0,0,0,0,0,0
6,136,0,0,0.0,0.0,0.0,1200,0,400,400,400,0,0,0,0,0,0,0,0,0
6,137,0,0,0.0,0.0,0.0,1200,0,400,400,400,0,0,0,0,0,0,0,0,0
6,138,0,0,0.0,0.0,0.0,1200,0,400,400,400,0,0,0,0,0,0,0,0,0
6,139,0,0,0.0,0.0,0.0,1200,0,400,400,400,0,0,0,0,0,0,0,0,0
6,140,0,0,0.0,0.0,0.0,1200,0,400,400,400,0,0,0,0,0,0,0,0,0
6,141,0,0,0.0,0.0,0.0,1200,0,400,400,400,0,0,0,0,0,0,0,0,0
6,142,0,0,0.0,0.0,0.0,1200,0,400,400,400,0,0,0,0,0,0,0,0,0
6,143,0,0,0.0,0.0,0.0,1200,0,400,400,400,0,0,0,0,0,0,0,0,0
6,144,0,0,0.0,0.0,0.0,1200,0,400,400,400,0,0,0,0,0,0,0,0,0
6,145,0,0,0.0,0.0,0.0,1200,0,400,400,400,0,0,0,0,0,0,0,0,0
6,146,0,0,0.0,0.0,0.0,1200,0,400,400,400,0,0,0,0,0,0,0,0,0
6,147,0,0,0.0,0.0,0.0,1200,0,400,400,400,0,0,0,0,0,0,0,0,0
6,148,0,0,0.0,0.0,0.0,1200,0,400,400,400,0,0,0,0,0,0,0,0,0
6,149,0,0,0.0,0.0,0.0,1200,0,400,400,400,0,0,0,0,0,0,0,0,0
6,150,0,0,0.0,0.0,0.0,1200,0,400,400,400,0,0,0,0,0,0,0,0,0
6,151,0,0,0.0,0.0,0.0,1200,0,400,400,400,0,0,0,0,0,0,0,0,0
6,152,0,0,0.0,0.0,0.0,1200,0,400,400,400,0,0,0,0,0,0,0,0,0
6,153,0,0,0.0,0.0,0.0,1200,0,400,400,400,0,0,0,0,0,0,0,0,0
6,154,0,0,0.0,0.0,0.0,1200,0,400,400,400,0,0,0,0,0,0,0,0,0
6,155,0,0,0.0,0.0,0.0,1200,0,400,400,400,0,0,0,0,0,0,0,0,0
6,156,0,0,0.0,0.0,0.0,1200,0,400,400,400,0,0,0,0,0,0,0,0,0
6,157,0,0,0.0,0.0,0.0,1200,0,400,400,400,0,0,0,0,0,0,0,0,0
6,158,0,0,0.0,0.0,0.0,1200,0,400,400,400,0,0,0,0,0,0,0,0,0
6,159,0,0,0.0,0.0,0.0,1200,0,400,400,400,0,0,0,0,0,0,0,0,0
6,160,0,0,0.0,0.0,0.0,1200,0,400,400,400,0,0,0,0,0,0,0,0,0
6,161,0,0,0.0,0.0,0.0,1200,0,400,400,400,0,0,0,0,0,0,0,0,0
6,162,0,0,0.0,0.0,0.0,1200,0,400,400,400,0,0,0,0,0,0,0,0,0
6,163,0,0,0.0,0.0,0.0,1200,0,400,400,400,0,0,0,0,0,0,0,0,0
6,164,0,0,0.0,0.0,0.0,1200,0,400,400,400,0,0,0,0,0,0,0,0,0
6,165,0,0,0.0,0.0,0.0,1200,0,400,400,400,0,0,0,0,0,0,0,0,0
6,166,0,0,0.0,0.0,0.0,1200,0,400,400,400,0,0,0,0,0,0,0,0,0
6,167,0,0,0.0,0.0,0.0,1200,0,400,400,400,0,0,0,0,0,0,0,0,0
6,168,0,0,0.0,0.0,0.0,1200,0,400,400,400,0,0,0,0,0,0,0,0,0
6,169,0,0,0.0,0.0,0.0,1200,0,400,400,400,0,0,0,0,0,0,0,0,0
6,170,0,0,0.0,0.0,0.0,1200,0,400,400,400,0,0,0,0,0,0,0,0,0
6,171,0,0,0.0,0.0,0.0,1200,0,400,400,400,0,0,0,0,0,0,0,0,0
6,172,0,0,0.0,0.0,0.0,1200,0,400,400,400,0,0,0,0,0,0,0,0,0
6,173,0,0,0.0,0.0,0.0,1200,0,400,400,400,0,0,0,0,0,0,0,0,0
6,174,0,0,0.0,0.0,0.0,1200,0,400,400,400,0,0,0,0,0,0,0,0,0
6,175,0,0,0.0,0.0,0.0,1200,0,400,400,400,0,0,0,0,0,0,0,0,0
6,176,0,0,0.0,0.0,0.0,1200,0,400,400,400,0,0,0,0,0,0,0,0,0
6,177,0,0,0.0,0.0,0.0,1200,0,400,400,400,0,0,0,0,0,0,0,0,0
6,178,0,0,0.0,0.0,0.0,1200,0,400,400,400,0,0,0,0,0,0,0,0,0
6,179,0,0,0.0,0.0,0.0,1200,0,400,400,400,0,0,0,0,0,0,0,0,0
6,180,0,0,0.0,0.0,0.0,1200,0,400,400,400,0,0,0,0,0,0,0,0,0
6,181,0,0,0.0,0.0,0.0,1200,0,400,400,400,0,0,0,0,0,0,0,0,0
6,182,0,0,0.0,0.0,0.0,1200,0,400,400,400,0,0,0,0,0,0,0,0,0
6,183,0,0,0.0,0.0,0.0,1200,0,400,400,400,0,0,0,0,0,0,0,0,0
6,184,0,0,0.0,0.0,0.0,1200,0,400,400,400,0,0,0,0,0,0,0,0,0
6,185,0,0,0.0,0.0,0.0,1200,0,400,400,400,0,0,0,0,0,0,0,0,0
6,186,0,0,0.0,0.0,0.0,1200,0,400,400,400,0,0,0,0,0,0,0,0,0
6,187,0,0,0.0,0.0,0.0,1200,0,400,400,400,0,0,0,0,0,0,0,0,0
6,188,0,0,0.0,0.0,0.0,1200,0,400,400,400,0,0,0,0,0,0,0,0,0
6,189,0,0,0.0,0.0,0.0,1200,0,400,400,400,0,0,0,0,0,0,0,0,0
6,190,0,0,0.0,0.0,0.0,1200,0,400,400,400,0,0,0,0,0,0,0,0,0
6,191,0,0,0.0,0.0,0.0,1200,0,400,400,400,0,0,0,0,0,0,0,0,0
6,192,0,0,0.0,0.0,0.0,1200,0,400,400,400,0,0,0,0,0,0,0,0,0
6,193,0,0,0.0,0.0,0.0,1200,0,400,400,400,0,0,0,0,0,0,0,0,0
6,194,0,0,0.0,0.0,0.0,1200,0,400,400,400,0,0,0,0,0,0,0,0,0
6,195,0,0,0.0,0.0,0.0,1200,0,400,400,400,0,0,0,0,0,0,0,0,0
6,196,0,0,0.0,0.0,0.0,1200,0,400,400,400,0,0,0,0,0,0,0,0,0
6,197,0,0,0.0,0.0,0.0,1200,0,400,400,400,0,0,0,0,0,0,0,0,0
6,198,0,0,0.0,0.0,0.0,1200,0,400,400,400,0,0,0,0,0,0,0,0,0
6,199,0,0,0.0,0.0,0.0,1200,0,400,400,400,0,0,0,0,0,0,0,0,0
6,200,0,0,0.0,0.0,0.0,1200,0,400,400,400,0,0,0,0,0,0,0,0,0
7,1,50,50,0.5,0.5,0.5,1200,163,400,400,400,0,89,74,0,89,0,0,0,74
7,2,50,50,0.5,0.5,0.5,1200,400,400,400,400,0,200,200,0,200,0,0,0,200
7,3,50,50,0.5,0.5,0.5,1200,400,400,400,400,0,200,200,0,200,0,0,0,200
7,4,50,50,0.5,0.5,0.5,1200,400,400,400,400,0,200,200,0,200,0,0,0,200
7,5,50,50,0.5,0.5,0.5,1200,400,400,400,400,0,200,200,0,200,0,0,0,200
7,6,50,50,0.5,0.5,0.5,1200,400,400,400,400,0,200,200,0,200,0,0,0,200
7,7,50,50,0.5,0.5,0.5,1200,400,400,400,400,0,200,200,0,200,0,0,0,200
7,8,50,50,0.5,0.5,0.5,1200,400,400,400,400,0,200,200,0,200,0,0,0,200
7,9,50,50,0.5,0.5,0.5,1200,400,400,400,400,0,200,200,0,200,0,0,0,200
7,10,50,50,0.5,0.5,0.5,1200,400,400,400,400,0,200,200,0,200,0,0,0,200
7,11,50,50,0.5,0.5,0.5,1200,400,400,400,400,0,200,200,0,200,0,0,0,200
7,12,50,50,0.5,0.5,0.5,1200,400,400,400,400,0,200,200,0,200,0,0,0,200
7,13,50,50,0.5,0.5,0.5,1200,400,400,400,400,0,200,200,0,200,0,0,0,200
7,14,50,50,0.5,0.5,0.5,1200,400,400,400,400,0,200,200,0,200,0,0,0,200
7,15,50,50,0.5,0.5,0.5,1200,400,400,400,400,0,200,200,0,200,0,0,0,200
7,16,50,50,0.5,0.5,0.5,1200,400,400,400,400,0,200,200,0,200,0,0,0,200
7,17,50,50,0.5,0.5,0.5,1200,400,400,400,400,0,200,200,0,200,0,0,0,200
7,18,50,50,0.5,0.5,0.5,1200,400,400,400,400,0,200,200,0,200,0,0,0,200
7,19,50,50,0.5,0.5,0.5,1200,400,400,400,400,0,200,200,0,200,0,0,0,200
7,20,0,2,0.0,0.5,0.0,1200,182,400,400,400,0,123,59,0,123,0,0,0,59
7,21,0,0,0.0,0.0,0.0,1200,0,400,400,400,0,0,0,0,0,0,0,0,0
7,22,0,0,0.0,0.0,0.0,1200,0,400,400,400,0,0,0,0,0,0,0,0,0
7,23,0,0,0.0,0.0,0.0,1200,0,400,400,400,0,0,0,0,0,0,0,0,0
7,24,0,0,0.0,0.0,0.0,1200,0,400,400,400,0,0,0,0,0,0,0,0,0
7,25,0,0,0.0,0.0,0.0,1200,0,400,400,400,0,0,0,0,0,0,0,0,0
7,26,0,0,0.0,0.0,0.0,1200,0,400,400,400,0,0,0,0,0,0,0,0,0
7,27,0,0,0.0,0.0,0.0,1200,0,400,400,400,0,0,0,0,0,0,0,0,0
7,28,0,0,0.0,0.0,0.0,1200,0,400,400,400,0,0,0,0,0,0,0,0,0
7,29,0,0,0.0,0.0,0.0,1200,0,400,400,400,0,0,0,0,0,0,0,0,0
7,30,0,0,0.0,0.0,0.0,1200,0,400,400,400,0,0,0,0,0,0,0,0,0
7,31,0,0,0.0,0.0,0.0,1200,0,400,400,400,0,0,0,0,0,0,0,0,0
7,32,0,0,0.0,0.0,0.0,1200,0,400,400,400,0,0,0,0,0,0,0,0,0
7,33,0,0,0.0,0.0,0.0,1200,0,400,400,400,0,0,0,0,0,0,0,0,0
7,34,0,0,0.0,0.0,0.0,1200,0,400,400,400,0,0,0,0,0,0,0,0,0
7,35,0,0,0.0,0.0,0.0,1200,0,400,400,400,0,0,0,0,0,0,0,0,0
7,36,0,0,0.0,0.0,0.0,1200,0,400,400,400,0,0,0,0,0,0,0,0,0
7,37,0,0,0.0,0.0,0.0,1200,0,400,400,400,0,0,0,0,0,0,0,0,0
7,38,0,0,0.0,0.0,0.0,1200,0,400,400,400,0,0,0,0,0,0,0,0,0
7,39,0,0,0.0,0.0,0.0,1200,0,400,400,400,0,0,0,0,0,0,0,0,0
7,40,0,0,0.0,0.0,0.0,1200,0,400,400,400,0,0,0,0,0,0,0,0,0
7,41,0,0,0.0,0.0,0.0,1200,0,400,400,400,0,0,0,0,0,0,0,0,0
7,42,0,0,0.0,0.0,0.0,1200,0,400,400,400,0,0,0,0,0,0,0,0,0
7,43,0,0,0.0,0.0,0.0,1200,0,400,400,400,0,0,0,0,0,0,0,0,0
7,44,0,0,0.0,0.0,0.0,1200,0,400,400,400,0,0,0,0,0,0,0,0,0
7,45,0,0,0.0,0.0,0.0,1200,0,400,400,400,0,0,0,0,0,0,0,0,0
7,46,0,0,0.0,0.0,0.0,1200,0,400,400,400,0,0,0,0,0,0,0,0,0
7,47,0,0,0.0,0.0,0.0,1200,0,400,400,400,0,0,0,0,0,0,0,0,0
7,48,0,0,0.0,0.0,0.0,1200,0,400,400,400,0,0,0,0,0,0,0,0,0
7,49,0,0,0.0,0.0,0.0,1200,0,400,400,400,0,0,0,0,0,0,0,0,0
7,50,0,0,0.0,0.0,0.0,1200,0,400,400,400,0,0,0,0,0,0,0,0,0
7,51,0,0,0.0,0.0,0.0,1200,0,400,400,400,0,0,0,0,0,0,0,0,0
7,52,0,0,0.0,0.0,0.0,1200,0,400,400,400,0,0,0,0,0,0,0,0,0
7,53,0,0,0.0,0.0,0.0,1200,0,400,400,400,0,0,0,0,0,0,0,0,0
7,54,0,0,0.0,0.0,0.0,1200,0,400,400,400,0,0,0,0,0,0,0,0,0
7,55,0,0,0.0,0.0,0.0,1200,0,400,400,400,0,0,0,0,0,0,0,0,0
7,56,0,0,0.0,0.0,0.0,1200,0,400,400,400,0,0,0,0,0,0,0,0,0
7,57,0,0,0.0,0.0,0.0,1200,0,400,400,400,0,0,0,0,0,0,0,0,0
7,58,0,0,0.0,0.0,0.0,1200,0,400,400,400,0,0,0,0,0,0,0,0,0
7,59,0,0,0.0,0.0,0.0,1200,0,400,400,400,0,0,0,0,0,0,0,0,0
7,60,0,0,0.0,0.0,0.0,1200,0,400,400,400,0,0,0,0,0,0,0,0,0
7,61,0,0,0.0,0.0,0.0,1200,0,400,400,400,0,0,0,0,0,0,0,0,0
7,62,0,0,0.0,0.0,0.0,1200,0,400,400,400,0,0,0,0,0,0,0,0,0
7,63,0,0,0.0,0.0,0.0,1200,0,400,400,400,0,0,0,0,0,0,0,0,0
7,64,0,0,0.0,0.0,0.0,1200,0,400,400,400,0,0,0,0,0,0,0,0,0
7,65,0,0,0.0,0.0,0.0,1200,0,400,400,400,0,0,0,0,0,0,0,0,0
7,66,0,0,0.0,0.0,0.0,1200,0,400,400,400,0,0,0,0,0,0,0,0,0
7,67,0,0,0.0,0.0,0.0,1200,0,400,400,400,0,0,0,0,0,0,0,0,0
7,68,0,0,0.0,0.0,0.0,1200,0,400,400,400,0,0,0,0,0,0,0,0,0
7,69,0,0,0.0,0.0,0.0,1200,0,400,400,400,0,0,0,0,0,0,0,0,0
7,70,0,0,0.0,0.0,0.0,1200,0,400,400,400,0,0,0,0,0,0,0,0,0
7,71,0,0,0.0,0.0,0.0,1200,0,400,400,400,0,0,0,0,0,0,0,0,0
7,72,0,0,0.0,0.0,0.0,1200,0,400,400,400,0,0,0,0,0,0,0,0,0
7,73,0,0,0.0,0.0,0.0,1200,0,400,400,400,0,0,0,0,0,0,0,0,0
7,74,0,0,0.0,0.0,0.0,1200,0,400,400,400,0,0,0,0,0,0,0,0,0
7,75,0,0,0.0,0.0,0.0,1200,0,400,400,400,0,0,0,0,0,0,0,0,0
7,76,0,0,0.0,0.0,0.0,1200,0,400,400,400,0,0,0,0,0,0,0,0,0
7,77,0,0,0.0,0.0,0.0,1200,0,400,400,400,0,0,0,0,0,0,0,0,0
7,78,0,0,0.0,0.0,0.0,1200,0,400,400,400,0,0,0,0,0,0,0,0,0
7,79,0,0,0.0,0.0,0.0,1200,0,400,400,400,0,0,0,0,0,0,0,0,0
7,80,0,0,0.0,0.0,0.0,1200,0,400,400,400,0,0,0,0,0,0,0,0,0
7,81,0,0,0.0,0.0,0.0,1200,0,400,400,400,0,0,0,0,0,0,0,0,0
7,82,0,0,0.0,0.0,0.0,1200,0,400,400,400,0,0,0,0,0,0,0,0,0
7,83,0,0,0.0,0.0,0.0,492,0,164,164,164,0,0,0,0,0,0,0,0,0
7,84,0,0,0.0,0.0,0.0,0,0,0,0,0,0,0,0,0,0,0,0,0,0
7,85,0,0,0.0,0.0,0.0,0,0,0,0,0,0,0,0,0,0,0,0,0,0
7,86,0,0,0.0,0.0,0.0,0,0,0,0,0,0,0,0,0,0,0,0,0,0
7,87,0,0,0.0,0.0,0.0,0,0,0,0,0,0,0,0,0,0,0,0,0,0
7,88,0,0,0.0,0.0,0.0,0,0,0,0,0,0,0,0,0,0,0,0,0,0
7,89,0,0,0.0,0.0,0.0,0,0,0,0,0,0,0,0,0,0,0,0,0,0
7,90,0,0,0.0,0.0,0.0,0,0,0,0,0,0,0,0,0,0,0,0,0,0
7,91,0,0,0.0,0.0,0.0,0,0,0,0,0,0,0,0,0,0,0,0,0,0
7,92,0,0,0.0,0.0,0.0,0,0,0,0,0,0,0,0,0,0,0,0,0,0
7,93,0,0,0.0,0.0,0.0,0,0,0,0,0,0,0,0,0,0,0,0,0,0
7,94,0,0,0.0,0.0,0.0,0,0,0,0,0,0,0,0,0,0,0,0,0,0
7,95,0,0,0.0,0.0,0.0,0,0,0,0,0,0,0,0,0,0,0,0,0,0
7,96,0,0,0.0,0.0,0.0,0,0,0,0,0,0,0,0,0,0,0,0,0,0
7,97,0,0,0.0,0.0,0.0,0,0,0,0,0,0,0,0,0,0,0,0,0,0
7,98,0,0,0.0,0.0,0.0,0,0,0,0,0,0,0,0,0,0,0,0,0,0
7,99,0,0,0.0,0.0,0.0,0,0,0,0,0,0,0,0,0,0,0,0,0,0
7,100,0,0,0.0,0.0,0.0,0,0,0,0,0,0,0,0,0,0,0,0,0,0
7,101,0,0,0.0,0.0,0.0,0,0,0,0,0,0,0,0,0,0,0,0,0,0
7,102,0,0,0.0,0.0,0.0,0,0,0,0,0,0,0,0,0,0,0,0,0,0
7,103,0,0,0.0,0.0,0.0,0,0,0,0,0,0,0,0,0,0,0,0,0,0
7,104,0,0,0.0,0.0,0.0,0,0,0,0,0,0,0,0,0,0,0,0,0,0
7,105,0,0,0.0,0.0,0.0,0,0,0,0,0,0,0,0,0,0,0,0,0,0
7,106,0,0,0.0,0.0,0.0,0,0,0,0,0,0,0,0,0,0,0,0,0,0
7,107,0,0,0.0,0.0,0.0,0,0,0,0,0,0,0,0,0,0,0,0,0,0
7,108,0,0,0.0,0.0,0.0,0,0,0,0,0,0,0,0,0,0,0,0,0,0
7,109,0,0,0.0,0.0,0.0,0,0,0,0,0,0,0,0,0,0,0,0,0,0
7,110,0,0,0.0,0.0,0.0,0,0,0,0,0,0,0,0,0,0,0,0,0,0
7,111,0,0,0.0,0.0,0.0,0,0,0,0,0,0,0,0,0,0,0,0,0,0
7,112,0,0,0.0,0.0,0.0,0,0,0,0,0,0,0,0,0,0,0,0,0,0
7,113,0,0,0.0,0.0,0.0,0,0,0,0,0,0,0,0,0,0,0,0,0,0
7,114,0,0,0.0,0.0,0.0,0,0,0,0,0,0,0,0,0,0,0,0,0,0
7,115,0,0,0.0,0.0,0.0,0,0,0,0,0,0,0,0,0,0,0,0,0,0
7,116,0,0,0.0,0.0,0.0,0,0,0,0,0,0,0,0,0,0,0,0,0,0
7,117,0,0,0.0,0.0,0.0,0,0,0,0,0,0,0,0,0,0,0,0,0,0
7,118,0,0,0.0,0.0,0.0,0,0,0,0,0,0,0,0,0,0,0,0,0,0
7,119,0,0,0.0,0.0,0.0,0,0,0,0,0,0,0,0,0,0,0,0,0,0
7,120,0,0,0.0,0.0,0.0,0,0,0,0,0,0,0,0,0,0,0,0,0,0
7,121,0,0,0.0,0.0,0.0,0,0,0,0,0,0,0,0,0,0,0,0,0,0
7,122,0,0,0.0,0.0,0.0,0,0,0,0,0,0,0,0,0,0,0,0,0,0
7,123,0,0,0.0,0.0,0.0,33,0,11,11,11,0,0,0,0,0,0,0,0,0
7,124,0,0,0.0,0.0,0.0,414,0,138,138,138,0,0,0,0,0,0,0,0,0
7,125,0,0,0.0,0.0,0.0,1086,0,362,362,362,0,0,0,0,0,0,0,0,0
7,126,0,0,0.0,0.0,0.0,1197,0,399,399,399,0,0,0,0,0,0,0,0,0
7,127,0,0,0.0,0.0,0.0,1200,0,400,400,400,0,0,0,0,0,0,0,0,0
7,128,0,0,0.0,0.0,0.0,1200,0,400,400,400,0,0,0,0,0,0,0,0,0
7,129,0,0,0.0,0.0,0.0,1200,0,400,400,400,0,0,0,0,0,0,0,0,0
7,130,0,0,0.0,0.0,0.0,1200,0,400,400,400,0,0,0,0,0,0,0,0,0
7,131,0,0,0.0,0.0,0.0,1200,0,400,400,400,0,0,0,0,0,0,0,0,0
7,132,0,0,0.0,0.0,0.0,1200,0,400,400,400,0,0,0,0,0,0,0,0,0
7,133,0,0,0.0,0.0,0.0,1200,0,400,400,400,0,0,0,0,0,0,0,0,0
7,134,0,0,0.0,0.0,0.0,1200,0,400,400,400,0,0,0,0,0,0,0,0,0
7,135,0,0,0.0,0.0,0.0,1200,0,400,400,400,0,0,0,0,0,0,0,0,0
7,136,0,0,0.0,0.0,0.0,1200,0,400,400,400,0,0,0,0,0,0,0,0,0
7,137,0,0,0.0,0.0,0.0,1200,0,400,400,400,0,0,0,0,0,0,0,0,0
7,138,0,0,0.0,0.0,0.0,1200,0,400,400,400,0,0,0,0,0,0,0,0,0
7,139,0,0,0.0,0.0,0.0,1200,0,400,400,400,0,0,0,0,0,0,0,0,0
7,140,0,0,0.0,0.0,0.0,1200,0,400,400,400,0,0,0,0,0,0,0,0,0
7,141,0,0,0.0,0.0,0.0,1200,0,400,400,400,0,0,0,0,0,0,0,0,0
7,142,0,0,0.0,0.0,0.0,1200,0,400,400,400,0,0,0,0,0,0,0,0,0
7,143,0,0,0.0,0.0,0.0,1200,0,400,400,400,0,0,0,0,0,0,0,0,0
7,144,0,0,0.0,0.0,0.0,1200,0,400,400,400,0,0,0,0,0,0,0,0,0
7,145,0,0,0.0,0.0,0.0,1200,0,400,400,400,0,0,0,0,0,0,0,0,0
7,146,0,0,0.0,0.0,0.0,1200,0,400,400,400,0,0,0,0,0,0,0,0,0
7,147,0,0,0.0,0.0,0.0,1200,0,400,400,400,0,0,0,0,0,0,0,0,0
7,148,0,0,0.0,0.0,0.0,1200,0,400,400,400,0,0,0,0,0,0,0,0,0
7,149,0,0,0.0,0.0,0.0,1200,0,400,400,400,0,0,0,0,0,0,0,0,0
7,150,0,0,0.0,0.0,0.0,1200,0,400,400,400,0,0,0,0,0,0,0,0,0
7,151,0,0,0.0,0.0,0.0,1200,0,400,400,400,0,0,0,0,0,0,0,0,0
7,152,0,0,0.0,0.0,0.0,1200,0,400,400,400,0,0,0,0,0,0,0,0,0
7,153,0,0,0.0,0.0,0.0,1200,0,400,400,400,0,0,0,0,0,0,0,0,0
7,154,0,0,0.0,0.0,0.0,1200,0,400,400,400,0,0,0,0,0,0,0,0,0
7,155,0,0,0.0,0.0,0.0,1200,0,400,400,400,0,0,0,0,0,0,0,0,0
7,156,0,0,0.0,0.0,0.0,1200,0,400,400,400,0,0,0,0,0,0,0,0,0
7,157,0,0,0.0,0.0,0.0,1200,0,400,400,400,0,0,0,0,0,0,0,0,0
7,158,0,0,0.0,0.0,0.0,1200,0,400,400,400,0,0,0,0,0,0,0,0,0
7,159,0,0,0.0,0.0,0.0,1200,0,400,400,400,0,0,0,0,0,0,0,0,0
7,160,0,0,0.0,0.0,0.0,1200,0,400,400,400,0,0,0,0,0,0,0,0,0
7,161,0,0,0.0,0.0,0.0,1200,0,400,400,400,0,0,0,0,0,0,0,0,0
7,162,0,0,0.0,0.0,0.0,1200,0,400,400,400,0,0,0,0,0,0,0,0,0
7,163,0,0,0.0,0.0,0.0,1200,0,400,400,400,0,0,0,0,0,0,0,0,0
7,164,0,0,0.0,0.0,0.0,1200,0,400,400,400,0,0,0,0,0,0,0,0,0
7,165,0,0,0.0,0.0,0.0,1200,0,400,400,400,0,0,0,0,0,0,0,0,0
7,166,0,0,0.0,0.0,0.0,1200,0,400,400,400,0,0,0,0,0,0,0,0,0
7,167,0,0,0.0,0.0,0.0,1200,0,400,400,400,0,0,0,0,0,0,0,0,0
7,168,0,0,0.0,0.0,0.0,1200,0,400,400,400,0,0,0,0,0,0,0,0,0
7,169,0,0,0.0,0.0,0.0,1200,0,400,400,400,0,0,0,0,0,0,0,0,0
7,170,0,0,0.0,0.0,0.0,1200,0,400,400,400,0,0,0,0,0,0,0,0,0
7,171,0,0,0.0,0.0,0.0,1200,0,400,400,400,0,0,0,0,0,0,0,0,0
7,172,0,0,0.0,0.0,0.0,1200,0,400,400,400,0,0,0,0,0,0,0,0,0
7,173,0,0,0.0,0.0,0.0,1200,0,400,400,400,0,0,0,0,0,0,0,0,0
7,174,0,0,0.0,0.0,0.0,1200,0,400,400,400,0,0,0,0,0,0,0,0,0
7,175,0,0,0.0,0.0,0.0,1200,0,400,400,400,0,0,0,0,0,0,0,0,0
7,176,0,0,0.0,0.0,0.0,1200,0,400,400,400,0,0,0,0,0,0,0,0,0
7,177,0,0,0.0,0.0,0.0,1200,0,400,400,400,0,0,0,0,0,0,0,0,0
7,178,0,0,0.0,0.0,0.0,1200,0,400,400,400,0,0,0,0,0,0,0,0,0
7,179,0,0,0.0,0.0,0.0,1200,0,400,400,400,0,0,0,0,0,0,0,0,0
7,180,0,0,0.0,0.0,0.0,1200,0,400,400,400,0,0,0,0,0,0,0,0,0
7,181,0,0,0.0,0.0,0.0,1200,0,400,400,400,0,0,0,0,0,0,0,0,0
7,182,0,0,0.0,0.0,0.0,1200,0,400,400,400,0,0,0,0,0,0,0,0,0
7,183,0,0,0.0,0.0,0.0,1200,0,400,400,400,0,0,0,0,0,0,0,0,0
7,184,0,0,0.0,0.0,0.0,1200,0,400,400,400,0,0,0,0,0,0,0,0,0
7,185,0,0,0.0,0.0,0.0,1200,0,400,400,400,0,0,0,0,0,0,0,0,0
7,186,0,0,0.0,0.0,0.0,1200,0,400,400,400,0,0,0,0,0,0,0,0,0
7,187,0,0,0.0,0.0,0.0,1200,0,400,400,400,0,0,0,0,0,0,0,0,0
7,188,0,0,0.0,0.0,0.0,1200,0,400,400,400,0,0,0,0,0,0,0,0,0
7,189,0,0,0.0,0.0,0.0,1200,0,400,400,400,0,0,0,0,0,0,0,0,0
7,190,0,0,0.0,0.0,0.0,1200,0,400,400,400,0,0,0,0,0,0,0,0,0
7,191,0,0,0.0,0.0,0.0,1200,0,400,400,400,0,0,0,0,0,0,0,0,0
7,192,0,0,0.0,0.0,0.0,1200,0,400,400,400,0,0,0,0,0,0,0,0,0
7,193,0,0,0.0,0.0,0.0,1200,0,400,400,400,0,0,0,0,0,0,0,0,0
7,194,0,0,0.0,0.0,0.0,1200,0,400,400,400,0,0,0,0,0,0,0,0,0
7,195,0,0,0.0,0.0,0.0,1200,0,400,400,400,0,0,0,0,0,0,0,0,0
7,196,0,0,0.0,0.0,0.0,1200,0,400,400,400,0,0,0,0,0,0,0,0,0
7,197,0,0,0.0,0.0,0.0,1200,0,400,400,400,0,0,0,0,0,0,0,0,0
7,198,0,0,0.0,0.0,0.0,1200,0,400,400,400,0,0,0,0,0,0,0,0,0
7,199,0,0,0.0,0.0,0.0,1200,0,400,400,400,0,0,0,0,0,0,0,0,0
7,200,0,0,0.0,0.0,0.0,1200,0,400,400,400,0,0,0,0,0,0,0,0,0
8,1,50,50,0.5,0.5,0.5,1200,0,400,400,400,0,0,0,0,0,0,0,0,0
8,2,50,50,0.5000199999999996,0.5000199999999996,0.5,1200,179,400,400,400,0,81,98,0,0,98,0,81,0
8,3,50,50,0.5000199999999996,0.5000399999999993,0.5,1200,555,400,400,400,0,355,200,0,0,200,0,355,0
8,4,50,50,0.5000199999999996,0.5000399999999993,0.5,1200,862,400,400,400,0,662,200,0,62,200,0,600,0
8,5,50,50,0.5000199999999996,0.5000399999999993,0.5,1200,1000,400,400,400,0,800,200,0,200,200,0,600,0
8,6,50,50,0.5000199999999996,0.5000399999999993,0.5,1200,1000,400,400,400,0,800,200,0,200,200,0,600,0
8,7,50,50,0.5000199999999996,0.5000399999999993,0.5,1200,1000,400,400,400,0,800,200,0,200,200,0,600,0
8,8,50,50,0.5000199999999996,0.5000399999999993,0.5,1200,1000,400,400,400,0,800,200,0,200,200,0,600,0
8,9,50,50,0.5000199999999996,0.5000399999999993,0.5,1200,1073,400,400,400,0,873,200,0,200,200,0,673,0
8,10,50,50,0.5000199999999996,0.5000399999999993,0.5,1200,1200,400,400,400,0,1000,200,0,200,200,0,800,0
8,11,50,50,0.5000199999999996,0.5000399999999993,0.5,1200,1200,400,400,400,0,1000,200,0,200,200,0,800,0
8,12,50,50,0.5000199999999996,0.5000399999999993,0.5,1200,1200,400,400,400,0,1000,200,0,200,200,0,800,0
8,13,50,50,0.5000199999999996,0.5000399999999993,0.5,1200,1293,400,400,400,0,1093,200,0,200,200,0,893,0
8,14,50,50,0.5000199999999996,0.5000399999999993,0.5,1200,1400,400,400,400,0,1200,200,0,200,200,0,1000,0
8,15,50,50,0.5000199999999996,0.5000399999999993,0.5,1200,1400,400,400,400,0,1200,200,0,200,200,0,1000,0
8,16,50,50,0.5000199999999996,0.5000399999999993,0.5,1200,1400,400,400,400,0,1200,200,0,200,200,0,1000,0
8,17,50,50,0.5000199999999996,0.5000399999999993,0.5,1200,1400,400,400,400,0,1200,200,0,200,200,0,1000,0
8,18,50,50,0.5000199999999996,0.5000399999999993,0.5,1200,1400,400,400,400,0,1200,200,0,200,200,0,1000,0
8,19,50,50,0.5000199999999996,0.5000399999999993,0.5,1200,1400,400,400,400,0,1200,200,0,200,200,0,1000,0
8,20,12,30,0.5000833333333333,0.5000666666666661,0.5,1200,1400,400,400,400,0,1200,200,0,200,200,0,1000,0
8,21,11,28,0.5,0.500035714285714,0.5,1200,1220,400,400,400,0,1115,105,0,200,105,0,915,0
8,22,11,27,0.5,0.5000370370370368,0.5,1200,822,400,400,400,0,822,0,0,200,0,0,622,0
8,23,10,26,0.5,0.5,0.5,1200,400,400,400,400,0,400,0,0,0,0,0,400,0
8,24,1,13,0.0,0.5,0.5,1200,400,400,400,400,0,400,0,0,0,0,0,400,0
8,25,0,11,0.0,0.5,0.0,1200,400,400,400,400,0,400,0,0,0,0,0,400,0
8,26,0,11,0.0,0.5,0.0,1200,400,400,400,400,0,400,0,0,0,0,0,400,0
8,27,0,11,0.0,0.5,0.0,1200,400,400,400,400,0,400,0,0,0,0,0,400,0
8,28,0,10,0.0,0.5,0.0,1200,308,400,400,400,0,308,0,0,0,0,0,308,0
8,29,0,1,0.0,0.0,0.0,1200,200,400,400,400,0,200,0,0,0,0,0,200,0
8,30,0,1,0.0,0.0,0.0,1200,200,400,400,400,0,200,0,0,0,0,0,200,0
8,31,0,1,0.0,0.0,0.0,1200,200,400,400,400,0,200,0,0,0,0,0,200,0
8,32,0,0,0.0,0.0,0.0,1200,25,400,400,400,0,25,0,0,0,0,0,25,0
8,33,0,0,0.0,0.0,0.0,1200,0,400,400,400,0,0,0,0,0,0,0,0,0
8,34,0,0,0.0,0.0,0.0,1200,0,400,400,400,0,0,0,0,0,0,0,0,0
8,35,0,0,0.0,0.0,0.0,1200,0,400,400,400,0,0,0,0,0,0,0,0,0
8,36,0,0,0.0,0.0,0.0,1200,0,400,400,400,0,0,0,0,0,0,0,0,0
8,37,0,0,0.0,0.0,0.0,1200,0,400,400,400,0,0,0,0,0,0,0,0,0
8,38,0,0,0.0,0.0,0.0,1200,0,400,400,400,0,0,0,0,0,0,0,0,0
8,39,0,0,0.0,0.0,0.0,1200,0,400,400,400,0,0,0,0,0,0,0,0,0
8,40,0,0,0.0,0.0,0.0,1200,0,400,400,400,0,0,0,0,0,0,0,0,0
8,41,0,0,0.0,0.0,0.0,1200,0,400,400,400,0,0,0,0,0,0,0,0,0
8,42,0,0,0.0,0.0,0.0,1200,0,400,400,400,0,0,0,0,0,0,0,0,0
8,43,0,0,0.0,0.0,0.0,1200,0,400,400,400,0,0,0,0,0,0,0,0,0
8,44,0,0,0.0,0.0,0.0,1200,0,400,400,400,0,0,0,0,0,0,0,0,0
8,45,0,0,0.0,0.0,0.0,1200,0,400,400,400,0,0,0,0,0,0,0,0,0
8,46,0,0,0.0,0.0,0.0,1200,0,400,400,400,0,0,0,0,0,0,0,0,0
8,47,0,0,0.0,0.0,0.0,1200,0,400,400,400,0,0,0,0,0,0,0,0,0
8,48,0,0,0.0,0.0,0.0,1200,0,400,400,400,0,0,0,0,0,0,0,0,0
8,49,0,0,0.0,0.0,0.0,1200,0,400,400,400,0,0,0,0,0,0,0,0,0
8,50,0,0,0.0,0.0,0.0,1200,0,400,400,400,0,0,0,0,0,0,0,0,0
8,51,0,0,0.0,0.0,0.0,1200,0,400,400,400,0,0,0,0,0,0,0,0,0
8,52,0,0,0.0,0.0,0.0,1200,0,400,400,400,0,0,0,0,0,0,0,0,0
8,53,0,0,0.0,0.0,0.0,1200,0,400,400,400,0,0,0,0,0,0,0,0,0
8,54,0,0,0.0,0.0,0.0,1200,0,400,400,400,0,0,0,0,0,0,0,0,0
8,55,0,0,0.0,0.0,0.0,1200,0,400,400,400,0,0,0,0,0,0,0,0,0
8,56,0,0,0.0,0.0,0.0,1200,0,400,400,400,0,0,0,0,0,0,0,0,0
8,57,0,0,0.0,0.0,0.0,1200,0,400,400,400,0,0,0,0,0,0,0,0,0
8,58,0,0,0.0,0.0,0.0,1200,0,400,400,400,0,0,0,0,0,0,0,0,0
8,59,0,0,0.0,0.0,0.0,1200,0,400,400,400,0,0,0,0,0,0,0,0,0
8,60,0,0,0.0,0.0,0.0,1200,0,400,400,400,0,0,0,0,0,0,0,0,0
8,61,0,0,0.0,0.0,0.0,1200,0,400,400,400,0,0,0,0,0,0,0,0,0
8,62,0,0,0.0,0.0,0.0,1200,0,400,400,400,0,0,0,0,0,0,0,0,0
8,63,0,0,0.0,0.0,0.0,1200,0,400,400,400,0,0,0,0,0,0,0,0,0
8,64,0,0,0.0,0.0,0.0,1200,0,400,400,400,0,0,0,0,0,0,0,0,0
8,65,0,0,0.0,0.0,0.0,1200,0,400,400,400,0,0,0,0,0,0,0,0,0
8,66,0,0,0.0,0.0,0.0,1200,0,400,400,400,0,0,0,0,0,0,0,0,0
8,67,0,0,0.0,0.0,0.0,1200,0,400,400,400,0,0,0,0,0,0,0,0,0
8,68,0,0,0.0,0.0,0.0,1200,0,400,400,400,0,0,0,0,0,0,0,0,0
8,69,0,0,0.0,0.0,0.0,1200,0,400,400,400,0,0,0,0,0,0,0,0,0
8,70,0,0,0.0,0.0,0.0,1200,0,400,400,400,0,0,0,0,0,0,0,0,0
8,71,0,0,0.0,0.0,0.0,1200,0,400,400,400,0,0,0,0,0,0,0,0,0
8,72,0,0,0.0,0.0,0.0,1200,0,400,400,400,0,0,0,0,0,0,0,0,0
8,73,0,0,0.0,0.0,0.0,1200,0,400,400,400,0,0,0,0,0,0,0,0,0
8,74,0,0,0.0,0.0,0.0,1200,0,400,400,400,0,0,0,0,0,0,0,0,0
8,75,0,0,0.0,0.0,0.0,1200,0,400,400,400,0,0,0,0,0,0,0,0,0
8,76,0,0,0.0,0.0,0.0,1200,0,400,400,400,0,0,0,0,0,0,0,0,0
8,77,0,0,0.0,0.0,0.0,1200,0,400,400,400,0,0,0,0,0,0,0,0,0
8,78,0,0,0.0,0.0,0.0,1200,0,400,400,400,0,0,0,0,0,0,0,0,0
8,79,0,0,0.0,0.0,0.0,1200,0,400,400,400,0,0,0,0,0,0,0,0,0
8,80,0,0,0.0,0.0,0.0,1200,0,400,400,400,0,0,0,0,0,0,0,0,0
8,81,0,0,0.0,0.0,0.0,1200,0,400,400,400,0,0,0,0,0,0,0,0,0
8,82,0,0,0.0,0.0,0.0,1200,0,400,400,400,0,0,0,0,0,0,0,0,0
8,83,0,0,0.0,0.0,0.0,471,0,157,157,157,0,0,0,0,0,0,0,0,0
8,84,0,0,0.0,0.0,0.0,3,0,1,1,1,0,0,0,0,0,0,0,0,0
8,85,0,0,0.0,0.0,0.0,0,0,0,0,0,0,0,0,0,0,0,0,0,0
8,86,0,0,0.0,0.0,0.0,0,0,0,0,0,0,0,0,0,0,0,0,0,0
8,87,0,0,0.0,0.0,0.0,0,0,0,0,0,0,0,0,0,0,0,0,0,0
8,88,0,0,0.0,0.0,0.0,0,0,0,0,0,0,0,0,0,0,0,0,0,0
8,89,0,0,0.0,0.0,0.0,0,0,0,0,0,0,0,0,0,0,0,0,0,0
8,90,0,0,0.0,0.0,0.0,0,0,0,0,0,0,0,0,0,0,0,0,0,0
8,91,0,0,0.0,0.0,0.0,0,0,0,0,0,0,0,0,0,0,0,0,0,0
8,92,0,0,0.0,0.0,0.0,0,0,0,0,0,0,0,0,0,0,0,0,0,0
8,93,0,0,0.0,0.0,0.0,0,0,0,0,0,0,0,0,0,0,0,0,0,0
8,94,0,0,0.0,0.0,0.0,0,0,0,0,0,0,0,0,0,0,0,0,0,0
8,95,0,0,0.0,0.0,0.0,0,0,0,0,0,0,0,0,0,0,0,0,0,0
8,96,0,0,0.0,0.0,0.0,0,0,0,0,0,0,0,0,0,0,0,0,0,0
8,97,0,0,0.0,0.0,0.0,0,0,0,0,0,0,0,0,0,0,0,0,0,0
8,98,0,0,0.0,0.0,0.0,0,0,0,0,0,0,0,0,0,0,0,0,0,0
8,99,0,0,0.0,0.0,0.0,0,0,0,0,0,0,0,0,0,0,0,0,0,0
8,100,0,0,0.0,0.0,0.0,0,0,0,0,0,0,0,0,0,0,0,0,0,0
8,101,0,0,0.0,0.0,0.0,0,0,0,0,0,0,0,0,0,0,0,0,0,0
8,102,0,0,0.0,0.0,0.0,0,0,0,0,0,0,0,0,0,0,0,0,0,0
8,103,0,0,0.0,0.0,0.0,0,0,0,0,0,0,0,0,0,0,0,0,0,0
8,104,0,0,0.0,0.0,0.0,0,0,0,0,0,0,0,0,0,0,0,0,0,0
8,105,0,0,0.0,0.0,0.0,0,0,0,0,0,0,0,0,0,0,0,0,0,0
8,106,0,0,0.0,0.0,0.0,0,0,0,0,0,0,0,0,0,0,0,0,0,0
8,107,0,0,0.0,0.0,0.0,0,0,0,0,0,0,0,0,0,0,0,0,0,0
8,108,0,0,0.0,0.0,0.0,0,0,0,0,0,0,0,0,0,0,0,0,0,0
8,109,0,0,0.0,0.0,0.0,0,0,0,0,0,0,0,0,0,0,0,0,0,0
8,110,0,0,0.0,0.0,0.0,0,0,0,0,0,0,0,0,0,0,0,0,0,0
8,111,0,0,0.0,0.0,0.0,0,0,0,0,0,0,0,0,0,0,0,0,0,0
8,112,0,0,0.0,0.0,0.0,0,0,0,0,0,0,0,0,0,0,0,0,0,0
8,113,0,0,0.0,0.0,0.0,0,0,0,0,0,0,0,0,0,0,0,0,0,0
8,114,0,0,0.0,0.0,0.0,0,0,0,0,0,0,0,0,0,0,0,0,0,0
8,115,0,0,0.0,0.0,0.0,0,0,0,0,0,0,0,0,0,0,0,0,0,0
8,116,0,0,0.0,0.0,0.0,0,0,0,0,0,0,0,0,0,0,0,0,0,0
8,117,0,0,0.0,0.0,0.0,0,0,0,0,0,0,0,0,0,0,0,0,0,0
8,118,0,0,0.0,0.0,0.0,0,0,0,0,0,0,0,0,0,0,0,0,0,0
8,119,0,0,0.0,0.0,0.0,0,0,0,0,0,0,0,0,0,0,0,0,0,0
8,120,0,0,0.0,0.0,0.0,0,0,0,0,0,0,0,0,0,0,0,0,0,0
8,121,0,0,0.0,0.0,0.0,0,0,0,0,0,0,0,0,0,0,0,0,0,0
8,122,0,0,0.0,0.0,0.0,0,0,0,0,0,0,0,0,0,0,0,0,0,0
8,123,0,0,0.0,0.0,0.0,279,0,93,93,93,0,0,0,0,0,0,0,0,0
8,124,0,0,0.0,0.0,0.0,690,0,230,230,230,0,0,0,0,0,0,0,0,0
8,125,0,0,0.0,0.0,0.0,1146,0,382,382,382,0,0,0,0,0,0,0,0,0
8,126,0,0,0.0,0.0,0.0,1200,0,400,400,400,0,0,0,0,0,0,0,0,0
8,127,0,0,0.0,0.0,0.0,1200,0,400,400,400,0,0,0,0,0,0,0,0,0
8,128,0,0,0.0,0.0,0.0,1200,0,400,400,400,0,0,0,0,0,0,0,0,0
8,129,0,0,0.0,0.0,0.0,1200,0,400,400,400,0,0,0,0,0,0,0,0,0
8,130,0,0,0.0,0.0,0.0,1200,0,400,400,400,0,0,0,0,0,0,0,0,0
8,131,0,0,0.0,0.0,0.0,1200,0,400,400,400,0,0,0,0,0,0,0,0,0
8,132,0,0,0.0,0.0,0.0,1200,0,400,400,400,0,0,0,0,0,0,0,0,0
8,133,0,0,0.0,0.0,0.0,1200,0,400,400,400,0,0,0,0,0,0,0,0,0
8,134,0,0,0.0,0.0,0.0,1200,0,400,400,400,0,0,0,0,0,0,0,0,0
8,135,0,0,0.0,0.0,0.0,1200,0,400,400,400,0,0,0,0,0,0,0,0,0
8,136,0,0,0.0,0.0,0.0,1200,0,400,400,400,0,0,0,0,0,0,0,0,0
8,137,0,0,0.0,0.0,0.0,1200,0,400,400,400,0,0,0,0,0,0,0,0,0
8,138,0,0,0.0,0.0,0.0,1200,0,400,400,400,0,0,0,0,0,0,0,0,0
8,139,0,0,0.0,0.0,0.0,1200,0,400,400,400,0,0,0,0,0,0,0,0,0
8,140,0,0,0.0,0.0,0.0,1200,0,400,400,400,0,0,0,0,0,0,0,0,0
8,141,0,0,0.0,0.0,0.0,1200,0,400,400,400,0,0,0,0,0,0,0,0,0
8,142,0,0,0.0,0.0,0.0,1200,0,400,400,400,0,0,0,0,0,0,0,0,0
8,143,0,0,0.0,0.0,0.0,1200,0,400,400,400,0,0,0,0,0,0,0,0,0
8,144,0,0,0.0,0.0,0.0,1200,0,400,400,400,0,0,0,0,0,0,0,0,0
8,145,0,0,0.0,0.0,0.0,1200,0,400,400,400,0,0,0,0,0,0,0,0,0
8,146,0,0,0.0,0.0,0.0,1200,0,400,400,400,0,0,0,0,0,0,0,0,0
8,147,0,0,0.0,0.0,0.0,1200,0,400,400,400,0,0,0,0,0,0,0,0,0
8,148,0,0,0.0,0.0,0.0,1200,0,400,400,400,0,0,0,0,0,0,0,0,0
8,149,0,0,0.0,0.0,0.0,1200,0,400,400,400,0,0,0,0,0,0,0,0,0
8,150,0,0,0.0,0.0,0.0,1200,0,400,400,400,0,0,0,0,0,0,0,0,0
8,151,0,0,0.0,0.0,0.0,1200,0,400,400,400,0,0,0,0,0,0,0,0,0
8,152,0,0,0.0,0.0,0.0,1200,0,400,400,400,0,0,0,0,0,0,0,0,0
8,153,0,0,0.0,0.0,0.0,1200,0,400,400,400,0,0,0,0,0,0,0,0,0
8,154,0,0,0.0,0.0,0.0,1200,0,400,400,400,0,0,0,0,0,0,0,0,0
8,155,0,0,0.0,0.0,0.0,1200,0,400,400,400,0,0,0,0,0,0,0,0,0
8,156,0,0,0.0,0.0,0.0,1200,0,400,400,400,0,0,0,0,0,0,0,0,0
8,157,0,0,0.0,0.0,0.0,1200,0,400,400,400,0,0,0,0,0,0,0,0,0
8,158,0,0,0.0,0.0,0.0,1200,0,400,400,400,0,0,0,0,0,0,0,0,0
8,159,0,0,0.0,0.0,0.0,1200,0,400,400,400,0,0,0,0,0,0,0,0,0
8,160,0,0,0.0,0.0,0.0,1200,0,400,400,400,0,0,0,0,0,0,0,0,0
8,161,0,0,0.0,0.0,0.0,1200,0,400,400,400,0,0,0,0,0,0,0,0,0
8,162,0,0,0.0,0.0,0.0,1200,0,400,400,400,0,0,0,0,0,0,0,0,0
8,163,0,0,0.0,0.0,0.0,1200,0,400,400,400,0,0,0,0,0,0,0,0,0
8,164,0,0,0.0,0.0,0.0,1200,0,400,400,400,0,0,0,0,0,0,0,0,0
8,165,0,0,0.0,0.0,0.0,1200,0,400,400,400,0,0,0,0,0,0,0,0,0
8,166,0,0,0.0,0.0,0.0,1200,0,400,400,400,0,0,0,0,0,0,0,0,0
8,167,0,0,0.0,0.0,0.0,1200,0,400,400,400,0,0,0,0,0,0,0,0,0
8,168,0,0,0.0,0.0,0.0,1200,0,400,400,400,0,0,0,0,0,0,0,0,0
8,169,0,0,0.0,0.0,0.0,1200,0,400,400,400,0,0,0,0,0,0,0,0,0
8,170,0,0,0.0,0.0,0.0,1200,0,400,400,400,0,0,0,0,0,0,0,0,0
8,171,0,0,0.0,0.0,0.0,1200,0,400,400,400,0,0,0,0,0,0,0,0,0
8,172,0,0,0.0,0.0,0.0,1200,0,400,400,400,0,0,0,0,0,0,0,0,0
8,173,0,0,0.0,0.0,0.0,1200,0,400,400,400,0,0,0,0,0,0,0,0,0
8,174,0,0,0.0,0.0,0.0,1200,0,400,400,400,0,0,0,0,0,0,0,0,0
8,175,0,0,0.0,0.0,0.0,1200,0,400,400,400,0,0,0,0,0,0,0,0,0
8,176,0,0,0.0,0.0,0.0,1200,0,400,400,400,0,0,0,0,0,0,0,0,0
8,177,0,0,0.0,0.0,0.0,1200,0,400,400,400,0,0,0,0,0,0,0,0,0
8,178,0,0,0.0,0.0,0.0,1200,0,400,400,400,0,0,0,0,0,0,0,0,0
8,179,0,0,0.0,0.0,0.0,1200,0,400,400,400,0,0,0,0,0,0,0,0,0
8,180,0,0,0.0,0.0,0.0,1200,0,400,400,400,0,0,0,0,0,0,0,0,0
8,181,0,0,0.0,0.0,0.0,1200,0,400,400,400,0,0,0,0,0,0,0,0,0
8,182,0,0,0.0,0.0,0.0,1200,0,400,400,400,0,0,0,0,0,0,0,0,0
8,183,0,0,0.0,0.0,0.0,1200,0,400,400,400,0,0,0,0,0,0,0,0,0
8,184,0,0,0.0,0.0,0.0,1200,0,400,400,400,0,0,0,0,0,0,0,0,0
8,185,0,0,0.0,0.0,0.0,1200,0,400,400,400,0,0,0,0,0,0,0,0,0
8,186,0,0,0.0,0.0,0.0,1200,0,400,400,400,0,0,0,0,0,0,0,0,0
8,187,0,0,0.0,0.0,0.0,1200,0,400,400,400,0,0,0,0,0,0,0,0,0
8,188,0,0,0.0,0.0,0.0,1200,0,400,400,400,0,0,0,0,0,0,0,0,0
8,189,0,0,0.0,0.0,0.0,1200,0,400,400,400,0,0,0,0,0,0,0,0,0
8,190,0,0,0.0,0.0,0.0,1200,0,400,400,400,0,0,0,0,0,0,0,0,0
8,191,0,0,0.0,0.0,0.0,1200,0,400,400,400,0,0,0,0,0,0,0,0,0
8,192,0,0,0.0,0.0,0.0,1200,0,400,400,400,0,0,0,0,0,0,0,0,0
8,193,0,0,0.0,0.0,0.0,1200,0,400,400,400,0,0,0,0,0,0,0,0,0
8,194,0,0,0.0,0.0,0.0,1200,0,400,400,400,0,0,0,0,0,0,0,0,0
8,195,0,0,0.0,0.0,0.0,1200,0,400,400,400,0,0,0,0,0,0,0,0,0
8,196,0,0,0.0,0.0,0.0,1200,0,400,400,400,0,0,0,0,0,0,0,0,0
8,197,0,0,0.0,0.0,0.0,1200,0,400,400,400,0,0,0,0,0,0,0,0,0
8,198,0,0,0.0,0.0,0.0,1200,0,400,400,400,0,0,0,0,0,0,0,0,0
8,199,0,0,0.0,0.0,0.0,1200,0,400,400,400,0,0,0,0,0,0,0,0,0
8,200,0,0,0.0,0.0,0.0,1200,0,400,400,400,0,0,0,0,0,0,0,0,0
9,1,50,50,0.5,0.5,0.5,1200,95,400,400,400,0,95,0,0,95,0,0,0,0
9,2,50,50,0.5,0.5,0.5,1200,200,400,400,400,0,200,0,0,200,0,0,0,0
9,3,50,50,0.5,0.5000199999999996,0.5,1200,298,400,400,400,0,298,0,0,200,0,0,98,0
9,4,50,50,0.5,0.5000399999999993,0.5,1200,544,400,400,400,67,477,0,0,200,0,67,277,0
9,5,50,50,0.5,0.5000399999999993,0.5,1200,800,400,400,400,200,600,0,0,200,0,200,400,0
9,6,50,50,0.5,0.5000399999999993,0.5,1200,800,400,400,400,200,600,0,0,200,0,200,400,0
9,7,50,50,0.5,0.5000399999999993,0.5,1200,861,400,400,400,200,661,0,0,200,0,200,461,0
9,8,50,50,0.5,0.5000399999999993,0.5,1200,1000,400,400,400,200,800,0,0,200,0,200,600,0
9,9,50,50,0.5,0.5000399999999993,0.5,1200,1000,400,400,400,200,800,0,0,200,0,200,600,0
9,10,50,50,0.5,0.5000399999999993,0.5,1200,1000,400,400,400,200,800,0,0,200,0,200,600,0
9,11,50,50,0.5,0.5000399999999993,0.5,1200,1000,400,400,400,200,800,0,0,200,0,200,600,0
9,12,50,50,0.5,0.5000399999999993,0.5,1200,1000,400,400,400,200,800,0,0,200,0,200,600,0
9,13,50,50,0.5,0.5000399999999993,0.5,1200,1000,400,400,400,200,800,0,0,200,0,200,600,0
9,14,50,50,0.5,0.5000399999999993,0.5,1200,1000,400,400,400,200,800,0,0,200,0,200,600,0
9,15,50,50,0.5,0.5000399999999993,0.5,1200,1000,400,400,400,200,800,0,0,200,0,200,600,0
9,16,50,50,0.5,0.5000399999999993,0.5,1200,1000,400,400,400,200,800,0,0,200,0,200,600,0
9,17,50,50,0.5,0.5000399999999993,0.5,1200,1000,400,400,400,200,800,0,0,200,0,200,600,0
9,18,50,50,0.5,0.5000399999999993,0.5,1200,1000,400,400,400,200,800,0,0,200,0,200,600,0
9,19,50,50,0.5,0.5000399999999993,0.5,1200,1000,400,400,400,200,800,0,0,200,0,200,600,0
9,20,0,23,0.0,0.5000869565217394,0.0,1200,891,400,400,400,200,691,0,0,91,0,200,600,0
9,21,0,23,0.0,0.5000869565217394,0.0,1200,800,400,400,400,200,600,0,0,0,0,200,600,0
9,22,0,23,0.0,0.5000869565217394,0.0,1200,800,400,400,400,200,600,0,0,0,0,200,600,0
9,23,0,21,0.0,0.5000476190476192,0.0,1200,428,400,400,400,15,413,0,0,0,0,15,413,0
9,24,0,6,0.0,0.5,0.0,1200,242,400,400,400,0,242,0,0,0,0,0,242,0
9,25,0,1,0.0,0.0,0.0,1200,200,400,400,400,0,200,0,0,0,0,0,200,0
9,26,0,0,0.0,0.0,0.0,1200,34,400,400,400,0,34,0,0,0,0,0,34,0
9,27,0,0,0.0,0.0,0.0,1200,0,400,400,400,0,0,0,0,0,0,0,0,0
9,28,0,0,0.0,0.0,0.0,1200,0,400,400,400,0,0,0,0,0,0,0,0,0
9,29,0,0,0.0,0.0,0.0,1200,0,400,400,400,0,0,0,0,0,0,0,0,0
9,30,0,0,0.0,0.0,0.0,1200,0,400,400,400,0,0,0,0,0,0,0,0,0
9,31,0,0,0.0,0.0,0.0,1200,0,400,400,400,0,0,0,0,0,0,0,0,0
9,32,0,0,0.0,0.0,0.0,1200,0,400,400,400,0,0,0,0,0,0,0,0,0
9,33,0,0,0.0,0.0,0.0,1200,0,400,400,400,0,0,0,0,0,0,0,0,0
9,34,0,0,0.0,0.0,0.0,1200,0,400,400,400,0,0,0,0,0,0,0,0,0
9,35,0,0,0.0,0.0,0.0,1200,0,400,400,400,0,0,0,0,0,0,0,0,0
9,36,0,0,0.0,0.0,0.0,1200,0,400,400,400,0,0,0,0,0,0,0,0,0
9,37,0,0,0.0,0.0,0.0,1200,0,400,400,400,0,0,0,0,0,0,0,0,0
9,38,0,0,0.0,0.0,0.0,1200,0,400,400,400,0,0,0,0,0,0,0,0,0
9,39,0,0,0.0,0.0,0.0,1200,0,400,400,400,0,0,0,0,0,0,0,0,0
9,40,0,0,0.0,0.0,0.0,1200,0,400,400,400,0,0,0,0,0,0,0,0,0
9,41,0,0,0.0,0.0,0.0,1200,0,400,400,400,0,0,0,0,0,0,0,0,0
9,42,0,0,0.0,0.0,0.0,1200,0,400,400,400,0,0,0,0,0,0,0,0,0
9,43,0,0,0.0,0.0,0.0,1200,0,400,400,400,0,0,0,0,0,0,0,0,0
9,44,0,0,0.0,0.0,0.0,1200,0,400,400,400,0,0,0,0,0,0,0,0,0
9,45,0,0,0.0,0.0,0.0,1200,0,400,400,400,0,0,0,0,0,0,0,0,0
9,46,0,0,0.0,0.0,0.0,1200,0,400,400,400,0,0,0,0,0,0,0,0,0
9,47,0,0,0.0,0.0,0.0,1200,0,400,400,400,0,0,0,0,0,0,0,0,0
9,48,0,0,0.0,0.0,0.0,1200,0,400,400,400,0,0,0,0,0,0,0,0,0
9,49,0,0,0.0,0.0,0.0,1200,0,400,400,400,0,0,0,0,0,0,0,0,0
9,50,0,0,0.0,0.0,0.0,1200,0,400,400,400,0,0,0,0,0,0,0,0,0
9,51,0,0,0.0,0.0,0.0,1200,0,400,400,400,0,0,0,0,0,0,0,0,0
9,52,0,0,0.0,0.0,0.0,1200,0,400,400,400,0,0,0,0,0,0,0,0,0
9,53,0,0,0.0,0.0,0.0,1200,0,400,400,400,0,0,0,0,0,0,0,0,0
9,54,0,0,0.0,0.0,0.0,1200,0,400,400,400,0,0,0,0,0,0,0,0,0
9,55,0,0,0.0,0.0,0.0,1200,0,400,400,400,0,0,0,0,0,0,0,0,0
9,56,0,0,0.0,0.0,0.0,1200,0,400,400,400,0,0,0,0,0,0,0,0,0
9,57,0,0,0.0,0.0,0.0,1200,0,400,400,400,0,0,0,0,0,0,0,0,0
9,58,0,0,0.0,0.0,0.0,1200,0,400,400,400,0,0,0,0,0,0,0,0,0
9,59,0,0,0.0,0.0,0.0,1200,0,400,400,400,0,0,0,0,0,0,0,0,0
9,60,0,0,0.0,0.0,0.0,1200,0,400,400,400,0,0,0,0,0,0,0,0,0
9,61,0,0,0.0,0.0,0.0,1200,0,400,400,400,0,0,0,0,0,0,0,0,0
9,62,0,0,0.0,0.0,0.0,1200,0,400,400,400,0,0,0,0,0,0,0,0,0
9,63,0,0,0.0,0.0,0.0,1200,0,400,400,400,0,0,0,0,0,0,0,0,0
9,64,0,0,0.0,0.0,0.0,1200,0,400,400,400,0,0,0,0,0,0,0,0,0
9,65,0,0,0.0,0.0,0.0,1200,0,400,400,400,0,0,0,0,0,0,0,0,0
9,66,0,0,0.0,0.0,0.0,1200,0,400,400,400,0,0,0,0,0,0,0,0,0
9,67,0,0,0.0,0.0,0.0,1200,0,400,400,400,0,0,0,0,0,0,0,0,0
9,68,0,0,0.0,0.0,0.0,1200,0,400,400,400,0,0,0,0,0,0,0,0,0
9,69,0,0,0.0,0.0,0.0,1200,0,400,400,400,0,0,0,0,0,0,0,0,0
9,70,0,0,0.0,0.0,0.0,1200,0,400,400,400,0,0,0,0,0,0,0,0,0
9,71,0,0,0.0,0.0,0.0,1200,0,400,400,400,0,0,0,0,0,0,0,0,0
9,72,0,0,0.0,0.0,0.0,1200,0,400,400,400,0,0,0,0,0,0,0,0,0
9,73,0,0,0.0,0.0,0.0,1200,0,400,400,400,0,0,0,0,0,0,0,0,0
9,74,0,0,0.0,0.0,0.0,1200,0,400,400,400,0,0,0,0,0,0,0,0,0
9,75,0,0,0.0,0.0,0.0,1200,0,400,400,400,0,0,0,0,0,0,0,0,0
9,76,0,0,0.0,0.0,0.0,1200,0,400,400,400,0,0,0,0,0,0,0,0,0
9,77,0,0,0.0,0.0,0.0,1200,0,400,400,400,0,0,0,0,0,0,0,0,0
9,78,0,0,0.0,0.0,0.0,1200,0,400,400,400,0,0,0,0,0,0,0,0,0
9,79,0,0,0.0,0.0,0.0,1200,0,400,400,400,0,0,0,0,0,0,0,0,0
9,80,0,0,0.0,0.0,0.0,1200,0,400,400,400,0,0,0,0,0,0,0,0,0
9,81,0,0,0.0,0.0,0.0,1200,0,400,400,400,0,0,0,0,0,0,0,0,0
9,82,0,0,0.0,0.0,0.0,1200,0,400,400,400,0,0,0,0,0,0,0,0,0
9,83,0,0,0.0,0.0,0.0,519,0,173,173,173,0,0,0,0,0,0,0,0,0
9,84,0,0,0.0,0.0,0.0,0,0,0,0,0,0,0,0,0,0,0,0,0,0
9,85,0,0,0.0,0.0,0.0,0,0,0,0,0,0,0,0,0,0,0,0,0,0
9,86,0,0,0.0,0.0,0.0,0,0,0,0,0,0,0,0,0,0,0,0,0,0
9,87,0,0,0.0,0.0,0.0,0,0,0,0,0,0,0,0,0,0,0,0,0,0
9,88,0,0,0.0,0.0,0.0,0,0,0,0,0,0,0,0,0,0,0,0,0,0
9,89,0,0,0.0,0.0,0.0,0,0,0,0,0,0,0,0,0,0,0,0,0,0
9,90,0,0,0.0,0.0,0.0,0,0,0,0,0,0,0,0,0,0,0,0,0,0
9,91,0,0,0.0,0.0,0.0,0,0,0,0,0,0,0,0,0,0,0,0,0,0
9,92,0,0,0.0,0.0,0.0,0,0,0,0,0,0,0,0,0,0,0,0,0,0
9,93,0,0,0.0,0.0,0.0,0,0,0,0,0,0,0,0,0,0,0,0,0,0
9,94,0,0,0.0,0.0,0.0,0,0,0,0,0,0,0,0,0,0,0,0,0,0
9,95,0,0,0.0,0.0,0.0,0,0,0,0,0,0,0,0,0,0,0,0,0,0
9,96,0,0,0.0,0.0,0.0,0,0,0,0,0,0,0,0,0,0,0,0,0,0
9,97,0,0,0.0,0.0,0.0,0,0,0,0,0,0,0,0,0,0,0,0,0,0
9,98,0,0,0.0,0.0,0.0,0,0,0,0,0,0,0,0,0,0,0,0,0,0
9,99,0,0,0.0,0.0,0.0,0,0,0,0,0,0,0,0,0,0,0,0,0,0
9,100,0,0,0.0,0.0,0.0,0,0,0,0,0,0,0,0,0,0,0,0,0,0
9,101,0,0,0.0,0.0,0.0,0,0,0,0,0,0,0,0,0,0,0,0,0,0
9,102,0,0,0.0,0.0,0.0,0,0,0,0,0,0,0,0,0,0,0,0,0,0
9,103,0,0,0.0,0.0,0.0,0,0,0,0,0,0,0,0,0,0,0,0,0,0
9,104,0,0,0.0,0.0,0.0,0,0,0,0,0,0,0,0,0,0,0,0,0,0
9,105,0,0,0.0,0.0,0.0,0,0,0,0,0,0,0,0,0,0,0,0,0,0
9,106,0,0,0.0,0.0,0.0,0,0,0,0,0,0,0,0,0,0,0,0,0,0
9,107,0,0,0.0,0.0,0.0,0,0,0,0,0,0,0,0,0,0,0,0,0,0
9,108,0,0,0.0,0.0,0.0,0,0,0,0,0,0,0,0,0,0,0,0,0,0
9,109,0,0,0.0,0.0,0.0,0,0,0,0,0,0,0,0,0,0,0,0,0,0
9,110,0,0,0.0,0.0,0.0,0,0,0,0,0,0,0,0,0,0,0,0,0,0
9,111,0,0,0.0,0.0,0.0,0,0,0,0,0,0,0,0,0,0,0,0,0,0
9,112,0,0,0.0,0.0,0.0,0,0,0,0,0,0,0,0,0,0,0,0,0,0
9,113,0,0,0.0,0.0,0.0,0,0,0,0,0,0,0,0,0,0,0,0,0,0
9,114,0,0,0.0,0.0,0.0,0,0,0,0,0,0,0,0,0,0,0,0,0,0
9,115,0,0,0.0,0.0,0.0,0,0,0,0,0,0,0,0,0,0,0,0,0,0
9,116,0,0,0.0,0.0,0.0,0,0,0,0,0,0,0,0,0,0,0,0,0,0
9,117,0,0,0.0,0.0,0.0,0,0,0,0,0,0,0,0,0,0,0,0,0,0
9,118,0,0,0.0,0.0,0.0,0,0,0,0,0,0,0,0,0,0,0,0,0,0
9,119,0,0,0.0,0.0,0.0,0,0,0,0,0,0,0,0,0,0,0,0,0,0
9,120,0,0,0.0,0.0,0.0,9,0,3,3,3,0,0,0,0,0,0,0,0,0
9,121,0,0,0.0,0.0,0.0,15,0,5,5,5,0,0,0,0,0,0,0,0,0
9,122,0,0,0.0,0.0,0.0,3,0,1,1,1,0,0,0,0,0,0,0,0,0
9,123,0,0,0.0,0.0,0.0,78,0,26,26,26,0,0,0,0,0,0,0,0,0
9,124,0,0,0.0,0.0,0.0,546,0,182,182,182,0,0,0,0,0,0,0,0,0
9,125,0,0,0.0,0.0,0.0,930,0,310,310,310,0,0,0,0,0,0,0,0,0
9,126,0,0,0.0,0.0,0.0,1194,0,398,398,398,0,0,0,0,0,0,0,0,0
9,127,0,0,0.0,0.0,0.0,1200,0,400,400,400,0,0,0,0,0,0,0,0,0
9,128,0,0,0.0,0.0,0.0,1200,0,400,400,400,0,0,0,0,0,0,0,0,0
9,129,0,0,0.0,0.0,0.0,1200,0,400,400,400,0,0,0,0,0,0,0,0,0
9,130,0,0,0.0,0.0,0.0,1200,0,400,400,400,0,0,0,0,0,0,0,0,0
9,131,0,0,0.0,0.0,0.0,1200,0,400,400,400,0,0,0,0,0,0,0,0,0
9,132,0,0,0.0,0.0,0.0,1200,0,400,400,400,0,0,0,0,0,0,0,0,0
9,133,0,0,0.0,0.0,0.0,1200,0,400,400,400,0,0,0,0,0,0,0,0,0
9,134,0,0,0.0,0.0,0.0,1200,0,400,400,400,0,0,0,0,0,0,0,0,0
9,135,0,0,0.0,0.0,0.0,1200,0,400,400,400,0,0,0,0,0,0,0,0,0
9,136,0,0,0.0,0.0,0.0,1200,0,400,400,400,0,0,0,0,0,0,0,0,0
9,137,0,0,0.0,0.0,0.0,1200,0,400,400,400,0,0,0,0,0,0,0,0,0
9,138,0,0,0.0,0.0,0.0,1200,0,400,400,400,0,0,0,0,0,0,0,0,0
9,139,0,0,0.0,0.0,0.0,1200,0,400,400,400,0,0,0,0,0,0,0,0,0
9,140,0,0,0.0,0.0,0.0,1200,0,400,400,400,0,0,0,0,0,0,0,0,0
9,141,0,0,0.0,0.0,0.0,1200,0,400,400,400,0,0,0,0,0,0,0,0,0
9,142,0,0,0.0,0.0,0.0,1200,0,400,400,400,0,0,0,0,0,0,0,0,0
9,143,0,0,0.0,0.0,0.0,1200,0,400,400,400,0,0,0,0,0,0,0,0,0
9,144,0,0,0.0,0.0,0.0,1200,0,400,400,400,0,0,0,0,0,0,0,0,0
9,145,0,0,0.0,0.0,0.0,1200,0,400,400,400,0,0,0,0,0,0,0,0,0
9,146,0,0,0.0,0.0,0.0,1200,0,400,400,400,0,0,0,0,0,0,0,0,0
9,147,0,0,0.0,0.0,0.0,1200,0,400,400,400,0,0,0,0,0,0,0,0,0
9,148,0,0,0.0,0.0,0.0,1200,0,400,400,400,0,0,0,0,0,0,0,0,0
9,149,0,0,0.0,0.0,0.0,1200,0,400,400,400,0,0,0,0,0,0,0,0,0
9,150,0,0,0.0,0.0,0.0,1200,0,400,400,400,0,0,0,0,0,0,0,0,0
9,151,0,0,0.0,0.0,0.0,1200,0,400,400,400,0,0,0,0,0,0,0,0,0
9,152,0,0,0.0,0.0,0.0,1200,0,400,400,400,0,0,0,0,0,0,0,0,0
9,153,0,0,0.0,0.0,0.0,1200,0,400,400,400,0,0,0,0,0,0,0,0,0
9,154,0,0,0.0,0.0,0.0,1200,0,400,400,400,0,0,0,0,0,0,0,0,0
9,155,0,0,0.0,0.0,0.0,1200,0,400,400,400,0,0,0,0,0,0,0,0,0
9,156,0,0,0.0,0.0,0.0,1200,0,400,400,400,0,0,0,0,0,0,0,0,0
9,157,0,0,0.0,0.0,0.0,1200,0,400,400,400,0,0,0,0,0,0,0,0,0
9,158,0,0,0.0,0.0,0.0,1200,0,400,400,400,0,0,0,0,0,0,0,0,0
9,159,0,0,0.0,0.0,0.0,1200,0,400,400,400,0,0,0,0,0,0,0,0,0
9,160,0,0,0.0,0.0,0.0,1200,0,400,400,400,0,0,0,0,0,0,0,0,0
9,161,0,0,0.0,0.0,0.0,1200,0,400,400,400,0,0,0,0,0,0,0,0,0
9,162,0,0,0.0,0.0,0.0,1200,0,400,400,400,0,0,0,0,0,0,0,0,0
9,163,0,0,0.0,0.0,0.0,1200,0,400,400,400,0,0,0,0,0,0,0,0,0
9,164,0,0,0.0,0.0,0.0,1200,0,400,400,400,0,0,0,0,0,0,0,0,0
9,165,0,0,0.0,0.0,0.0,1200,0,400,400,400,0,0,0,0,0,0,0,0,0
9,166,0,0,0.0,0.0,0.0,1200,0,400,400,400,0,0,0,0,0,0,0,0,0
9,167,0,0,0.0,0.0,0.0,1200,0,400,400,400,0,0,0,0,0,0,0,0,0
9,168,0,0,0.0,0.0,0.0,1200,0,400,400,400,0,0,0,0,0,0,0,0,0
9,169,0,0,0.0,0.0,0.0,1200,0,400,400,400,0,0,0,0,0,0,0,0,0
9,170,0,0,0.0,0.0,0.0,1200,0,400,400,400,0,0,0,0,0,0,0,0,0
9,171,0,0,0.0,0.0,0.0,1200,0,400,400,400,0,0,0,0,0,0,0,0,0
9,172,0,0,0.0,0.0,0.0,1200,0,400,400,400,0,0,0,0,0,0,0,0,0
9,173,0,0,0.0,0.0,0.0,1200,0,400,400,400,0,0,0,0,0,0,0,0,0
9,174,0,0,0.0,0.0,0.0,1200,0,400,400,400,0,0,0,0,0,0,0,0,0
9,175,0,0,0.0,0.0,0.0,1200,0,400,400,400,0,0,0,0,0,0,0,0,0
9,176,0,0,0.0,0.0,0.0,1200,0,400,400,400,0,0,0,0,0,0,0,0,0
9,177,0,0,0.0,0.0,0.0,1200,0,400,400,400,0,0,0,0,0,0,0,0,0
9,178,0,0,0.0,0.0,0.0,1200,0,400,400,400,0,0,0,0,0,0,0,0,0
9,179,0,0,0.0,0.0,0.0,1200,0,400,400,400,0,0,0,0,0,0,0,0,0
9,180,0,0,0.0,0.0,0.0,1200,0,400,400,400,0,0,0,0,0,0,0,0,0
9,181,0,0,0.0,0.0,0.0,1200,0,400,400,400,0,0,0,0,0,0,0,0,0
9,182,0,0,0.0,0.0,0.0,1200,0,400,400,400,0,0,0,0,0,0,0,0,0
9,183,0,0,0.0,0.0,0.0,1200,0,400,400,400,0,0,0,0,0,0,0,0,0
9,184,0,0,0.0,0.0,0.0,1200,0,400,400,400,0,0,0,0,0,0,0,0,0
9,185,0,0,0.0,0.0,0.0,1200,0,400,400,400,0,0,0,0,0,0,0,0,0
9,186,0,0,0.0,0.0,0.0,1200,0,400,400,400,0,0,0,0,0,0,0,0,0
9,187,0,0,0.0,0.0,0.0,1200,0,400,400,400,0,0,0,0,0,0,0,0,0
9,188,0,0,0.0,0.0,0.0,1200,0,400,400,400,0,0,0,0,0,0,0,0,0
9,189,0,0,0.0,0.0,0.0,1200,0,400,400,400,0,0,0,0,0,0,0,0,0
9,190,0,0,0.0,0.0,0.0,1200,0,400,400,400,0,0,0,0,0,0,0,0,0
9,191,0,0,0.0,0.0,0.0,1200,0,400,400,400,0,0,0,0,0,0,0,0,0
9,192,0,0,0.0,0.0,0.0,1200,0,400,400,400,0,0,0,0,0,0,0,0,0
9,193,0,0,0.0,0.0,0.0,1200,0,400,400,400,0,0,0,0,0,0,0,0,0
9,194,0,0,0.0,0.0,0.0,1200,0,400,400,400,0,0,0,0,0,0,0,0,0
9,195,0,0,0.0,0.0,0.0,1200,0,400,400,400,0,0,0,0,0,0,0,0,0
9,196,0,0,0.0,0.0,0.0,1200,0,400,400,400,0,0,0,0,0,0,0,0,0
9,197,0,0,0.0,0.0,0.0,1200,0,400,400,400,0,0,0,0,0,0,0,0,0
9,198,0,0,0.0,0.0,0.0,1200,0,400,400,400,0,0,0,0,0,0,0,0,0
9,199,0,0,0.0,0.0,0.0,1200,0,400,400,400,0,0,0,0,0,0,0,0,0
9,200,0,0,0.0,0.0,0.0,1200,0,400,400,400,0,0,0,0,0,0,0,0,0
